// Generated by tools/make_font.py — DO NOT EDIT.
// Source font: Inter-Bold.ttf, 56px, 1bpp.
#pragma once
#include <stdint.h>

static const uint8_t display56_bitmap[] = {
  0x7F,0xC0,0x7F,0xC0,0x7F,0xC0,0x7F,0xC0,0x7F,0xC0,0x7F,0xC0,0x7F,0xC0,0x7F,0xC0,
  0x7F,0xC0,0x7F,0xC0,0x7F,0xC0,0x7F,0xC0,0x7F,0xC0,0x7F,0xC0,0x7F,0xC0,0x7F,0xC0,
  0x7F,0xC0,0x7F,0x80,0x7F,0x80,0x7F,0x80,0x7F,0x80,0x7F,0x80,0x3F,0x80,0x3F,0x80,
  0x3F,0x80,0x3F,0x80,0x3F,0x80,0x3F,0x80,0x00,0x00,0x00,0x00,0x00,0x00,0x00,0x00,
  0x00,0x00,0x3F,0x80,0x7F,0xC0,0x7F,0xC0,0x7F,0xC0,0x7F,0xC0,0x7F,0xC0,0x7F,0xC0,
  0x3F,0x80,0x00,0x00,0x7F,0x0F,0xF0,0x7F,0x07,0xF0,0x7F,0x07,0xF0,0x7F,0x07,0xF0,
  0x7F,0x07,0xF0,0x7F,0x07,0xF0,0x7F,0x07,0xF0,0x7F,0x07,0xF0,0x7F,0x07,0xF0,0x7F,
  0x07,0xF0,0x7F,0x07,0xF0,0x7F,0x07,0xF0,0x7F,0x07,0xF0,0x7F,0x07,0xF0,0x7F,0x07,
  0xF0,0x7F,0x07,0xF0,0x7F,0x07,0xF0,0x00,0x1F,0x80,0x7F,0x00,0x00,0x1F,0x80,0x7F,
  0x00,0x00,0x1F,0x80,0x7E,0x00,0x00,0x1F,0x80,0x7E,0x00,0x00,0x3F,0x80,0x7E,0x00,
  0x00,0x3F,0x80,0x7E,0x00,0x00,0x3F,0x00,0xFE,0x00,0x00,0x3F,0x00,0xFE,0x00,0x00,
  0x3F,0x00,0xFC,0x00,0x00,0x3F,0x00,0xFC,0x00,0x0F,0xFF,0xFF,0xFF,0xF0,0x0F,0xFF,
  0xFF,0xFF,0xE0,0x0F,0xFF,0xFF,0xFF,0xE0,0x1F,0xFF,0xFF,0xFF,0xE0,0x1F,0xFF,0xFF,
  0xFF,0xE0,0x1F,0xFF,0xFF,0xFF,0xE0,0x00,0xFE,0x03,0xF8,0x00,0x00,0xFE,0x01,0xF8,
  0x00,0x00,0xFC,0x01,0xF8,0x00,0x00,0xFC,0x03,0xF8,0x00,0x00,0xFC,0x03,0xF0,0x00,
  0x00,0xFC,0x03,0xF0,0x00,0x00,0xFC,0x03,0xF0,0x00,0x01,0xFC,0x03,0xF0,0x00,0x01,
  0xFC,0x07,0xF0,0x00,0x3F,0xFF,0xFF,0xFF,0x80,0x7F,0xFF,0xFF,0xFF,0x80,0x7F,0xFF,
  0xFF,0xFF,0x80,0x7F,0xFF,0xFF,0xFF,0x80,0x7F,0xFF,0xFF,0xFF,0x80,0x7F,0xFF,0xFF,
  0xFF,0x00,0x03,0xF0,0x0F,0xE0,0x00,0x03,0xF0,0x0F,0xC0,0x00,0x03,0xF0,0x0F,0xC0,
  0x00,0x03,0xF0,0x0F,0xC0,0x00,0x07,0xF0,0x0F,0xC0,0x00,0x07,0xF0,0x0F,0xC0,0x00,
  0x07,0xE0,0x1F,0xC0,0x00,0x07,0xE0,0x1F,0x80,0x00,0x07,0xE0,0x1F,0x80,0x00,0x07,
  0xE0,0x1F,0x80,0x00,0x00,0x01,0xC0,0x00,0x00,0x00,0x01,0xC0,0x00,0x00,0x00,0x01,
  0xC0,0x00,0x00,0x00,0x01,0xC0,0x00,0x00,0x00,0x03,0xE0,0x00,0x00,0x00,0x3F,0xFF,
  0x00,0x00,0x00,0xFF,0xFF,0xC0,0x00,0x03,0xFF,0xFF,0xE0,0x00,0x07,0xFF,0xFF,0xF0,
  0x00,0x0F,0xFF,0xFF,0xF8,0x00,0x1F,0xFF,0xFF,0xFC,0x00,0x1F,0xFF,0xFF,0xFE,0x00,
  0x3F,0xF1,0xC7,0xFE,0x00,0x3F,0xE1,0xC3,0xFE,0x00,0x3F,0xC1,0xC1,0xFF,0x00,0x3F,
  0xC1,0xC1,0xFF,0x00,0x7F,0xC1,0xC0,0xFF,0x00,0x7F,0xC1,0xC0,0x00,0x00,0x3F,0xE1,
  0xC0,0x00,0x00,0x3F,0xF1,0xC0,0x00,0x00,0x3F,0xF9,0xC0,0x00,0x00,0x3F,0xFF,0xC0,
  0x00,0x00,0x1F,0xFF,0xF0,0x00,0x00,0x0F,0xFF,0xFF,0x00,0x00,0x07,0xFF,0xFF,0xC0,
  0x00,0x03,0xFF,0xFF,0xF0,0x00,0x00,0xFF,0xFF,0xF8,0x00,0x00,0x1F,0xFF,0xFC,0x00,
  0x00,0x03,0xFF,0xFE,0x00,0x00,0x01,0xFF,0xFE,0x00,0x00,0x01,0xC7,0xFF,0x00,0x00,
  0x01,0xC1,0xFF,0x00,0x00,0x01,0xC1,0xFF,0x00,0x7F,0x01,0xC0,0xFF,0x00,0xFF,0x81,
  0xC0,0xFF,0x00,0x7F,0x81,0xC0,0xFF,0x00,0x7F,0x81,0xC1,0xFF,0x00,0x7F,0xC1,0xC1,
  0xFF,0x00,0x7F,0xF1,0xC7,0xFF,0x00,0x3F,0xFD,0xFF,0xFE,0x00,0x3F,0xFF,0xFF,0xFE,
  0x00,0x1F,0xFF,0xFF,0xFC,0x00,0x0F,0xFF,0xFF,0xF8,0x00,0x07,0xFF,0xFF,0xF0,0x00,
  0x03,0xFF,0xFF,0xE0,0x00,0x00,0x7F,0xFF,0x80,0x00,0x00,0x01,0xE0,0x00,0x00,0x00,
  0x01,0xC0,0x00,0x00,0x00,0x01,0xC0,0x00,0x00,0x00,0x01,0xC0,0x00,0x00,0x00,0x01,
  0xC0,0x00,0x00,0x00,0x01,0xC0,0x00,0x00,0x00,0x00,0x00,0x00,0x00,0x00,0x07,0xF8,
  0x00,0x00,0x3F,0x00,0x1F,0xFE,0x00,0x00,0x7E,0x00,0x3F,0xFF,0x00,0x00,0x7C,0x00,
  0x7F,0xFF,0x80,0x00,0xFC,0x00,0x7F,0xFF,0x80,0x01,0xF8,0x00,0xFE,0x1F,0x80,0x01,
  0xF0,0x00,0xFC,0x0F,0xC0,0x03,0xF0,0x00,0xFC,0x0F,0xC0,0x07,0xE0,0x00,0xFC,0x0F,
  0xC0,0x07,0xC0,0x00,0xFC,0x0F,0xC0,0x0F,0xC0,0x00,0xFC,0x0F,0xC0,0x1F,0x80,0x00,
  0xFC,0x0F,0xC0,0x1F,0x00,0x00,0xFC,0x0F,0xC0,0x3F,0x00,0x00,0x7E,0x1F,0x80,0x7E,
  0x00,0x00,0x7F,0xFF,0x80,0x7C,0x00,0x00,0x3F,0xFF,0x00,0xFC,0x00,0x00,0x3F,0xFE,
  0x01,0xF8,0x00,0x00,0x0F,0xFC,0x03,0xF0,0x00,0x00,0x03,0xF0,0x03,0xE0,0x00,0x00,
  0x00,0x00,0x07,0xE0,0x00,0x00,0x00,0x00,0x0F,0xC0,0x00,0x00,0x00,0x00,0x0F,0x80,
  0x1F,0x80,0x00,0x00,0x1F,0x80,0x7F,0xE0,0x00,0x00,0x3F,0x00,0xFF,0xF0,0x00,0x00,
  0x3E,0x01,0xFF,0xF8,0x00,0x00,0x7E,0x03,0xFF,0xFC,0x00,0x00,0xFC,0x03,0xF0,0xFC,
  0x00,0x00,0xF8,0x07,0xE0,0xFC,0x00,0x01,0xF8,0x07,0xE0,0x7E,0x00,0x03,0xF0,0x07,
  0xE0,0x7E,0x00,0x03,0xE0,0x07,0xE0,0x7E,0x00,0x07,0xE0,0x07,0xE0,0x7E,0x00,0x0F,
  0xC0,0x07,0xE0,0x7E,0x00,0x0F,0x80,0x07,0xE0,0x7E,0x00,0x1F,0x80,0x07,0xE0,0x7E,
  0x00,0x3F,0x00,0x07,0xF0,0xFC,0x00,0x3E,0x00,0x03,0xFF,0xFC,0x00,0x7E,0x00,0x03,
  0xFF,0xF8,0x00,0xFC,0x00,0x01,0xFF,0xF8,0x01,0xF8,0x00,0x00,0xFF,0xF0,0x01,0xF0,
  0x00,0x00,0x7F,0xC0,0x00,0x00,0x00,0x00,0x00,0x00,0x00,0x00,0x00,0x00,0x00,0x00,
  0x3F,0xF0,0x00,0x00,0x00,0xFF,0xF8,0x00,0x00,0x01,0xFF,0xFE,0x00,0x00,0x03,0xFF,
  0xFF,0x00,0x00,0x07,0xFF,0xFF,0x00,0x00,0x07,0xFF,0xFF,0x80,0x00,0x0F,0xF8,0x7F,
  0x80,0x00,0x0F,0xF0,0x3F,0x80,0x00,0x0F,0xE0,0x1F,0x80,0x00,0x0F,0xE0,0x1F,0x80,
  0x00,0x0F,0xE0,0x3F,0x80,0x00,0x0F,0xE0,0x3F,0x80,0x00,0x0F,0xF0,0x7F,0x80,0x00,
  0x0F,0xF0,0xFF,0x00,0x00,0x07,0xF9,0xFF,0x00,0x00,0x07,0xFF,0xFE,0x00,0x00,0x03,
  0xFF,0xFC,0x00,0x00,0x03,0xFF,0xF8,0x00,0x00,0x01,0xFF,0xF0,0x00,0x00,0x01,0xFF,
  0xC0,0x00,0x00,0x03,0xFF,0xC0,0x00,0x00,0x07,0xFF,0xE0,0x3F,0x80,0x0F,0xFF,0xE0,
  0x3F,0x80,0x1F,0xFF,0xF0,0x3F,0x80,0x3F,0xFF,0xF8,0x3F,0x80,0x7F,0xC7,0xFC,0x7F,
  0x80,0x7F,0xC3,0xFE,0x7F,0x00,0x7F,0x81,0xFF,0x7F,0x00,0xFF,0x00,0xFF,0xFF,0x00,
  0xFF,0x00,0x7F,0xFF,0x00,0xFF,0x00,0x7F,0xFE,0x00,0xFF,0x00,0x3F,0xFE,0x00,0x7F,
  0x80,0x1F,0xFC,0x00,0x7F,0xC0,0x1F,0xFC,0x00,0x7F,0xE0,0x7F,0xFC,0x00,0x3F,0xFF,
  0xFF,0xFE,0x00,0x3F,0xFF,0xFF,0xFE,0x00,0x1F,0xFF,0xFF,0xFF,0x00,0x0F,0xFF,0xFF,
  0xFF,0x80,0x03,0xFF,0xFC,0x7F,0xC0,0x00,0xFF,0xF0,0x3F,0xE0,0x00,0x00,0x00,0x00,
  0x00,0x7F,0x00,0x7F,0x00,0x7F,0x00,0x7F,0x00,0x7F,0x00,0x7F,0x00,0x7F,0x00,0x7F,
  0x00,0x7F,0x00,0x7F,0x00,0x7F,0x00,0x7F,0x00,0x7F,0x00,0x7F,0x00,0x7F,0x00,0x7F,
  0x00,0x7F,0x00,0x01,0xFE,0x01,0xFE,0x03,0xFC,0x03,0xFC,0x07,0xF8,0x07,0xF8,0x07,
  0xF8,0x0F,0xF0,0x0F,0xF0,0x1F,0xF0,0x1F,0xE0,0x1F,0xE0,0x1F,0xE0,0x3F,0xE0,0x3F,
  0xC0,0x3F,0xC0,0x3F,0xC0,0x7F,0xC0,0x7F,0xC0,0x7F,0xC0,0x7F,0x80,0x7F,0x80,0x7F,
  0x80,0x7F,0x80,0x7F,0x80,0x7F,0x80,0x7F,0x80,0x7F,0x80,0x7F,0x80,0x7F,0x80,0x7F,
  0x80,0x7F,0x80,0x7F,0x80,0x7F,0xC0,0x7F,0xC0,0x3F,0xC0,0x3F,0xC0,0x3F,0xC0,0x3F,
  0xE0,0x1F,0xE0,0x1F,0xE0,0x1F,0xF0,0x0F,0xF0,0x0F,0xF0,0x0F,0xF8,0x07,0xF8,0x07,
  0xF8,0x03,0xFC,0x03,0xFC,0x01,0xFE,0x01,0xFE,0x7F,0x80,0x7F,0x80,0x3F,0xC0,0x3F,
  0xC0,0x1F,0xE0,0x1F,0xE0,0x1F,0xF0,0x0F,0xF0,0x0F,0xF0,0x0F,0xF8,0x07,0xF8,0x07,
  0xF8,0x07,0xFC,0x07,0xFC,0x03,0xFC,0x03,0xFC,0x03,0xFC,0x03,0xFE,0x03,0xFE,0x01,
  0xFE,0x01,0xFE,0x01,0xFE,0x01,0xFE,0x01,0xFE,0x01,0xFE,0x01,0xFE,0x01,0xFE,0x01,
  0xFE,0x01,0xFE,0x01,0xFE,0x01,0xFE,0x01,0xFE,0x01,0xFE,0x01,0xFE,0x03,0xFE,0x03,
  0xFE,0x03,0xFC,0x03,0xFC,0x07,0xFC,0x07,0xFC,0x07,0xF8,0x07,0xF8,0x0F,0xF8,0x0F,
  0xF0,0x1F,0xF0,0x1F,0xE0,0x1F,0xE0,0x3F,0xC0,0x3F,0xC0,0x7F,0x80,0x7F,0x80,0x00,
  0x7C,0x00,0x00,0x7C,0x00,0x00,0x7C,0x00,0x00,0x7C,0x00,0x38,0x7C,0x18,0x3C,0x7C,
  0x78,0x7F,0x7C,0xFC,0x7F,0xFF,0xFE,0x7F,0xFF,0xFC,0x1F,0xFF,0xF0,0x07,0xFF,0xC0,
  0x01,0xFF,0x00,0x07,0xFF,0xC0,0x1F,0xFF,0xF0,0x7F,0xFF,0xFC,0x7F,0xFF,0xFE,0x7F,
  0x7C,0xFC,0x3C,0x7C,0x78,0x38,0x7C,0x18,0x00,0x7C,0x00,0x00,0x7C,0x00,0x00,0x7C,
  0x00,0x00,0x7C,0x00,0x00,0x1F,0x80,0x00,0x00,0x1F,0x80,0x00,0x00,0x1F,0x80,0x00,
  0x00,0x1F,0x80,0x00,0x00,0x1F,0x80,0x00,0x00,0x1F,0x80,0x00,0x00,0x1F,0x80,0x00,
  0x00,0x1F,0x80,0x00,0x00,0x1F,0x80,0x00,0x00,0x1F,0x80,0x00,0x00,0x3F,0xC0,0x00,
  0xFF,0xFF,0xFF,0xF0,0xFF,0xFF,0xFF,0xF0,0xFF,0xFF,0xFF,0xF0,0xFF,0xFF,0xFF,0xF0,
  0xFF,0xFF,0xFF,0xF0,0xFF,0xFF,0xFF,0xF0,0x00,0x1F,0x80,0x00,0x00,0x1F,0x80,0x00,
  0x00,0x1F,0x80,0x00,0x00,0x1F,0x80,0x00,0x00,0x1F,0x80,0x00,0x00,0x1F,0x80,0x00,
  0x00,0x1F,0x80,0x00,0x00,0x1F,0x80,0x00,0x00,0x1F,0x80,0x00,0x00,0x1F,0x80,0x00,
  0x00,0x1F,0x80,0x00,0x1F,0xE0,0x3F,0xC0,0x3F,0xC0,0x3F,0xC0,0x3F,0xC0,0x3F,0x80,
  0x3F,0x80,0x3F,0x80,0x7F,0x00,0x7F,0x00,0x7F,0x00,0x7E,0x00,0x7E,0x00,0x7E,0x00,
  0x7E,0x00,0xFC,0x00,0xFC,0x00,0x00,0x00,0x00,0x7F,0xFF,0xE0,0x7F,0xFF,0xE0,0x7F,
  0xFF,0xE0,0x7F,0xFF,0xE0,0x7F,0xFF,0xE0,0x7F,0xFF,0xE0,0x00,0x00,0x3F,0x00,0x7F,
  0x80,0x7F,0xC0,0x7F,0xC0,0x7F,0xC0,0x7F,0xC0,0x7F,0x80,0x3F,0x00,0x00,0x00,0x00,
  0x03,0xF8,0x00,0x07,0xF8,0x00,0x07,0xF0,0x00,0x07,0xF0,0x00,0x07,0xF0,0x00,0x0F,
  0xF0,0x00,0x0F,0xE0,0x00,0x0F,0xE0,0x00,0x0F,0xE0,0x00,0x1F,0xC0,0x00,0x1F,0xC0,
  0x00,0x1F,0xC0,0x00,0x1F,0xC0,0x00,0x3F,0x80,0x00,0x3F,0x80,0x00,0x3F,0x80,0x00,
  0x7F,0x80,0x00,0x7F,0x00,0x00,0x7F,0x00,0x00,0x7F,0x00,0x00,0xFF,0x00,0x00,0xFE,
  0x00,0x00,0xFE,0x00,0x00,0xFE,0x00,0x01,0xFC,0x00,0x01,0xFC,0x00,0x01,0xFC,0x00,
  0x01,0xFC,0x00,0x03,0xF8,0x00,0x03,0xF8,0x00,0x03,0xF8,0x00,0x07,0xF8,0x00,0x07,
  0xF0,0x00,0x07,0xF0,0x00,0x07,0xF0,0x00,0x0F,0xE0,0x00,0x0F,0xE0,0x00,0x0F,0xE0,
  0x00,0x0F,0xE0,0x00,0x1F,0xC0,0x00,0x1F,0xC0,0x00,0x1F,0xC0,0x00,0x1F,0xC0,0x00,
  0x3F,0x80,0x00,0x3F,0x80,0x00,0x3F,0x80,0x00,0x7F,0x80,0x00,0x7F,0x00,0x00,0x7F,
  0x00,0x00,0x00,0x00,0x00,0x00,0x00,0x00,0x1F,0xFE,0x00,0x00,0x00,0x7F,0xFF,0x80,
  0x00,0x01,0xFF,0xFF,0xC0,0x00,0x03,0xFF,0xFF,0xE0,0x00,0x07,0xFF,0xFF,0xF0,0x00,
  0x07,0xFF,0xFF,0xF8,0x00,0x0F,0xFC,0x1F,0xFC,0x00,0x1F,0xF8,0x07,0xFC,0x00,0x1F,
  0xF0,0x03,0xFE,0x00,0x3F,0xE0,0x03,0xFE,0x00,0x3F,0xE0,0x01,0xFF,0x00,0x3F,0xC0,
  0x01,0xFF,0x00,0x7F,0xC0,0x00,0xFF,0x00,0x7F,0xC0,0x00,0xFF,0x80,0x7F,0xC0,0x00,
  0xFF,0x80,0x7F,0x80,0x00,0xFF,0x80,0x7F,0x80,0x00,0xFF,0x80,0x7F,0x80,0x00,0x7F,
  0x80,0x7F,0x80,0x00,0x7F,0x80,0x7F,0x80,0x00,0x7F,0x80,0x7F,0x80,0x00,0x7F,0x80,
  0x7F,0x80,0x00,0x7F,0x80,0x7F,0x80,0x00,0x7F,0x80,0x7F,0x80,0x00,0x7F,0x80,0x7F,
  0x80,0x00,0xFF,0x80,0x7F,0x80,0x00,0xFF,0x80,0x7F,0xC0,0x00,0xFF,0x80,0x7F,0xC0,
  0x00,0xFF,0x80,0x7F,0xC0,0x00,0xFF,0x00,0x3F,0xC0,0x01,0xFF,0x00,0x3F,0xE0,0x01,
  0xFF,0x00,0x3F,0xE0,0x03,0xFE,0x00,0x1F,0xF0,0x03,0xFE,0x00,0x1F,0xF8,0x07,0xFC,
  0x00,0x0F,0xFC,0x1F,0xFC,0x00,0x07,0xFF,0xFF,0xF8,0x00,0x07,0xFF,0xFF,0xF0,0x00,
  0x03,0xFF,0xFF,0xF0,0x00,0x01,0xFF,0xFF,0xC0,0x00,0x00,0x7F,0xFF,0x80,0x00,0x00,
  0x1F,0xFE,0x00,0x00,0x00,0x00,0x00,0x00,0x00,0x00,0x7F,0xC0,0x01,0xFF,0xC0,0x03,
  0xFF,0xC0,0x07,0xFF,0xC0,0x1F,0xFF,0xC0,0x3F,0xFF,0xC0,0x7F,0xFF,0xC0,0x7F,0xFF,
  0xC0,0x7F,0xBF,0xC0,0x7E,0x3F,0xC0,0x7C,0x3F,0xC0,0x70,0x3F,0xC0,0x60,0x3F,0xC0,
  0x00,0x3F,0xC0,0x00,0x3F,0xC0,0x00,0x3F,0xC0,0x00,0x3F,0xC0,0x00,0x3F,0xC0,0x00,
  0x3F,0xC0,0x00,0x3F,0xC0,0x00,0x3F,0xC0,0x00,0x3F,0xC0,0x00,0x3F,0xC0,0x00,0x3F,
  0xC0,0x00,0x3F,0xC0,0x00,0x3F,0xC0,0x00,0x3F,0xC0,0x00,0x3F,0xC0,0x00,0x3F,0xC0,
  0x00,0x3F,0xC0,0x00,0x3F,0xC0,0x00,0x3F,0xC0,0x00,0x3F,0xC0,0x00,0x3F,0xC0,0x00,
  0x3F,0xC0,0x00,0x3F,0xC0,0x00,0x3F,0xC0,0x00,0x3F,0xC0,0x00,0x3F,0xC0,0x00,0x3F,
  0xC0,0x00,0x3F,0xC0,0x00,0x00,0x00,0x00,0x00,0xFF,0xF0,0x00,0x03,0xFF,0xFE,0x00,
  0x07,0xFF,0xFF,0x00,0x0F,0xFF,0xFF,0x80,0x1F,0xFF,0xFF,0xC0,0x3F,0xFF,0xFF,0xE0,
  0x7F,0xF0,0x7F,0xE0,0x7F,0xC0,0x1F,0xF0,0x7F,0x80,0x0F,0xF0,0xFF,0x80,0x0F,0xF0,
  0xFF,0x00,0x0F,0xF8,0xFF,0x00,0x07,0xF8,0xFF,0x00,0x07,0xF8,0x00,0x00,0x0F,0xF8,
  0x00,0x00,0x0F,0xF0,0x00,0x00,0x0F,0xF0,0x00,0x00,0x1F,0xF0,0x00,0x00,0x3F,0xE0,
  0x00,0x00,0x3F,0xE0,0x00,0x00,0x7F,0xC0,0x00,0x00,0xFF,0x80,0x00,0x01,0xFF,0x80,
  0x00,0x03,0xFF,0x00,0x00,0x07,0xFE,0x00,0x00,0x0F,0xFC,0x00,0x00,0x1F,0xF8,0x00,
  0x00,0x3F,0xF0,0x00,0x00,0x7F,0xE0,0x00,0x00,0xFF,0xC0,0x00,0x01,0xFF,0x80,0x00,
  0x03,0xFF,0x00,0x00,0x07,0xFE,0x00,0x00,0x0F,0xFC,0x00,0x00,0x1F,0xF8,0x00,0x00,
  0x7F,0xF8,0x00,0x00,0x7F,0xFF,0xFF,0xF8,0xFF,0xFF,0xFF,0xF8,0xFF,0xFF,0xFF,0xF8,
  0xFF,0xFF,0xFF,0xF8,0xFF,0xFF,0xFF,0xF8,0xFF,0xFF,0xFF,0xF8,0x00,0x00,0x00,0x00,
  0x00,0x3F,0xFC,0x00,0x00,0xFF,0xFF,0x00,0x03,0xFF,0xFF,0xC0,0x07,0xFF,0xFF,0xE0,
  0x0F,0xFF,0xFF,0xF0,0x1F,0xFF,0xFF,0xF8,0x1F,0xF8,0x1F,0xF8,0x3F,0xE0,0x0F,0xF8,
  0x3F,0xC0,0x07,0xFC,0x3F,0xC0,0x03,0xFC,0x3F,0xC0,0x03,0xFC,0x00,0x00,0x03,0xFC,
  0x00,0x00,0x03,0xFC,0x00,0x00,0x03,0xFC,0x00,0x00,0x07,0xF8,0x00,0x00,0x0F,0xF8,
  0x00,0x00,0x3F,0xF0,0x00,0x0F,0xFF,0xE0,0x00,0x0F,0xFF,0xC0,0x00,0x0F,0xFF,0x00,
  0x00,0x0F,0xFF,0x00,0x00,0x0F,0xFF,0xE0,0x00,0x0F,0xFF,0xF0,0x00,0x00,0xFF,0xF8,
  0x00,0x00,0x0F,0xFC,0x00,0x00,0x07,0xFE,0x00,0x00,0x03,0xFE,0x00,0x00,0x01,0xFE,
  0x00,0x00,0x01,0xFE,0x00,0x00,0x01,0xFF,0x7F,0x80,0x01,0xFF,0x7F,0x80,0x03,0xFE,
  0x7F,0xC0,0x03,0xFE,0x7F,0xE0,0x07,0xFE,0x3F,0xF8,0x1F,0xFC,0x3F,0xFF,0xFF,0xFC,
  0x1F,0xFF,0xFF,0xF8,0x0F,0xFF,0xFF,0xF0,0x07,0xFF,0xFF,0xE0,0x01,0xFF,0xFF,0x80,
  0x00,0x7F,0xFE,0x00,0x00,0x00,0x00,0x00,0x00,0x00,0x7F,0xF0,0x00,0x00,0x00,0x7F,
  0xF0,0x00,0x00,0x00,0xFF,0xF0,0x00,0x00,0x00,0xFF,0xF0,0x00,0x00,0x01,0xFF,0xF0,
  0x00,0x00,0x03,0xFF,0xF0,0x00,0x00,0x03,0xFF,0xF0,0x00,0x00,0x07,0xFF,0xF0,0x00,
  0x00,0x0F,0xFF,0xF0,0x00,0x00,0x0F,0xFF,0xF0,0x00,0x00,0x1F,0xEF,0xF0,0x00,0x00,
  0x1F,0xEF,0xF0,0x00,0x00,0x3F,0xCF,0xF0,0x00,0x00,0x7F,0xCF,0xF0,0x00,0x00,0x7F,
  0x8F,0xF0,0x00,0x00,0xFF,0x0F,0xF0,0x00,0x01,0xFF,0x0F,0xF0,0x00,0x01,0xFE,0x0F,
  0xF0,0x00,0x03,0xFC,0x0F,0xF0,0x00,0x03,0xFC,0x0F,0xF0,0x00,0x07,0xF8,0x0F,0xF0,
  0x00,0x0F,0xF8,0x0F,0xF0,0x00,0x0F,0xF0,0x0F,0xF0,0x00,0x1F,0xE0,0x0F,0xF0,0x00,
  0x3F,0xE0,0x0F,0xF0,0x00,0x3F,0xC0,0x0F,0xF0,0x00,0x7F,0x80,0x0F,0xF0,0x00,0x7F,
  0xFF,0xFF,0xFF,0x80,0x7F,0xFF,0xFF,0xFF,0x80,0x7F,0xFF,0xFF,0xFF,0x80,0x7F,0xFF,
  0xFF,0xFF,0x80,0x7F,0xFF,0xFF,0xFF,0x80,0x7F,0xFF,0xFF,0xFF,0x80,0x00,0x00,0x0F,
  0xF8,0x00,0x00,0x00,0x0F,0xF0,0x00,0x00,0x00,0x0F,0xF0,0x00,0x00,0x00,0x0F,0xF0,
  0x00,0x00,0x00,0x0F,0xF0,0x00,0x00,0x00,0x0F,0xF0,0x00,0x00,0x00,0x0F,0xF0,0x00,
  0x00,0x00,0x0F,0xF0,0x00,0x1F,0xFF,0xFF,0xF0,0x1F,0xFF,0xFF,0xF0,0x1F,0xFF,0xFF,
  0xF0,0x1F,0xFF,0xFF,0xF0,0x1F,0xFF,0xFF,0xF0,0x1F,0xFF,0xFF,0xF0,0x1F,0xE0,0x00,
  0x00,0x1F,0xC0,0x00,0x00,0x1F,0xC0,0x00,0x00,0x3F,0xC0,0x00,0x00,0x3F,0xC0,0x00,
  0x00,0x3F,0xC0,0x00,0x00,0x3F,0xC0,0x00,0x00,0x3F,0xC0,0x00,0x00,0x3F,0x83,0xF8,
  0x00,0x3F,0x8F,0xFF,0x00,0x3F,0xBF,0xFF,0x80,0x3F,0xFF,0xFF,0xC0,0x3F,0xFF,0xFF,
  0xE0,0x3F,0xFF,0xFF,0xF0,0x7F,0xFE,0xFF,0xF8,0x7F,0xE0,0x1F,0xF8,0x07,0xC0,0x0F,
  0xF8,0x00,0x00,0x07,0xFC,0x00,0x00,0x07,0xFC,0x00,0x00,0x03,0xFC,0x00,0x00,0x03,
  0xFC,0x00,0x00,0x03,0xFC,0x00,0x00,0x03,0xFC,0x00,0x00,0x03,0xFC,0x7F,0x80,0x03,
  0xFC,0x7F,0x80,0x07,0xFC,0x7F,0xC0,0x07,0xF8,0x7F,0xE0,0x0F,0xF8,0x3F,0xF0,0x3F,
  0xF0,0x3F,0xFF,0xFF,0xF0,0x1F,0xFF,0xFF,0xE0,0x0F,0xFF,0xFF,0xC0,0x07,0xFF,0xFF,
  0x80,0x01,0xFF,0xFE,0x00,0x00,0x7F,0xF8,0x00,0x00,0x00,0x00,0x00,0x00,0x00,0x00,
  0x00,0x00,0x1F,0xFE,0x00,0x00,0x7F,0xFF,0x80,0x00,0xFF,0xFF,0xC0,0x01,0xFF,0xFF,
  0xF0,0x03,0xFF,0xFF,0xF0,0x07,0xFF,0xFF,0xF8,0x0F,0xFF,0xFF,0xFC,0x0F,0xF8,0x07,
  0xFC,0x1F,0xF0,0x03,0xFE,0x1F,0xE0,0x03,0xFE,0x3F,0xE0,0x01,0xFE,0x3F,0xC0,0x00,
  0x00,0x3F,0xC0,0x00,0x00,0x7F,0xC0,0x00,0x00,0x7F,0x80,0xFE,0x00,0x7F,0x87,0xFF,
  0x80,0x7F,0x8F,0xFF,0xE0,0x7F,0x9F,0xFF,0xF0,0x7F,0xBF,0xFF,0xF8,0x7F,0xFF,0xFF,
  0xFC,0x7F,0xFF,0x7F,0xFC,0x7F,0xF8,0x0F,0xFE,0x7F,0xF0,0x03,0xFE,0x7F,0xE0,0x03,
  0xFE,0x7F,0xC0,0x01,0xFF,0x7F,0xC0,0x01,0xFF,0x7F,0xC0,0x00,0xFF,0x7F,0xC0,0x00,
  0xFF,0x7F,0xC0,0x00,0xFF,0x7F,0xC0,0x01,0xFF,0x3F,0xC0,0x01,0xFE,0x3F,0xE0,0x01,
  0xFE,0x1F,0xE0,0x03,0xFE,0x1F,0xF0,0x07,0xFC,0x0F,0xFC,0x1F,0xFC,0x0F,0xFF,0xFF,
  0xF8,0x07,0xFF,0xFF,0xF8,0x03,0xFF,0xFF,0xF0,0x01,0xFF,0xFF,0xC0,0x00,0x7F,0xFF,
  0x80,0x00,0x1F,0xFE,0x00,0x00,0x00,0x00,0x00,0xFF,0xFF,0xFF,0xF8,0xFF,0xFF,0xFF,
  0xF8,0xFF,0xFF,0xFF,0xF8,0xFF,0xFF,0xFF,0xF8,0xFF,0xFF,0xFF,0xF8,0xFF,0xFF,0xFF,
  0xF8,0x00,0x00,0x1F,0xF0,0x00,0x00,0x1F,0xF0,0x00,0x00,0x1F,0xE0,0x00,0x00,0x3F,
  0xE0,0x00,0x00,0x3F,0xE0,0x00,0x00,0x7F,0xC0,0x00,0x00,0x7F,0xC0,0x00,0x00,0xFF,
  0x80,0x00,0x00,0xFF,0x80,0x00,0x01,0xFF,0x00,0x00,0x01,0xFF,0x00,0x00,0x03,0xFE,
  0x00,0x00,0x03,0xFE,0x00,0x00,0x07,0xFC,0x00,0x00,0x07,0xFC,0x00,0x00,0x0F,0xF8,
  0x00,0x00,0x0F,0xF8,0x00,0x00,0x1F,0xF0,0x00,0x00,0x1F,0xF0,0x00,0x00,0x3F,0xE0,
  0x00,0x00,0x3F,0xE0,0x00,0x00,0x7F,0xC0,0x00,0x00,0x7F,0xC0,0x00,0x00,0xFF,0x80,
  0x00,0x00,0xFF,0x80,0x00,0x00,0xFF,0x00,0x00,0x01,0xFF,0x00,0x00,0x01,0xFE,0x00,
  0x00,0x03,0xFE,0x00,0x00,0x03,0xFC,0x00,0x00,0x07,0xFC,0x00,0x00,0x07,0xF8,0x00,
  0x00,0x0F,0xF8,0x00,0x00,0x0F,0xF0,0x00,0x00,0x1F,0xF0,0x00,0x00,0x00,0x00,0x00,
  0x00,0x00,0x3F,0xFC,0x00,0x00,0xFF,0xFF,0x80,0x03,0xFF,0xFF,0xC0,0x07,0xFF,0xFF,
  0xE0,0x0F,0xFF,0xFF,0xF0,0x1F,0xFF,0xFF,0xF8,0x1F,0xF8,0x1F,0xF8,0x1F,0xF0,0x07,
  0xFC,0x3F,0xE0,0x07,0xFC,0x3F,0xE0,0x03,0xFC,0x3F,0xC0,0x03,0xFC,0x3F,0xC0,0x03,
  0xFC,0x3F,0xC0,0x03,0xFC,0x3F,0xE0,0x03,0xFC,0x1F,0xE0,0x07,0xFC,0x1F,0xF0,0x0F,
  0xF8,0x0F,0xFC,0x1F,0xF0,0x07,0xFF,0xFF,0xE0,0x03,0xFF,0xFF,0xC0,0x00,0xFF,0xFF,
  0x00,0x01,0xFF,0xFF,0x80,0x07,0xFF,0xFF,0xE0,0x0F,0xFF,0xFF,0xF0,0x1F,0xFF,0x7F,
  0xF8,0x3F,0xF0,0x0F,0xFC,0x3F,0xE0,0x03,0xFE,0x7F,0xC0,0x03,0xFE,0x7F,0xC0,0x01,
  0xFF,0x7F,0x80,0x01,0xFF,0x7F,0x80,0x01,0xFF,0x7F,0x80,0x01,0xFF,0x7F,0xC0,0x01,
  0xFF,0x7F,0xC0,0x03,0xFF,0x7F,0xE0,0x07,0xFE,0x3F,0xF8,0x1F,0xFE,0x3F,0xFF,0xFF,
  0xFC,0x1F,0xFF,0xFF,0xF8,0x0F,0xFF,0xFF,0xF0,0x07,0xFF,0xFF,0xE0,0x01,0xFF,0xFF,
  0x80,0x00,0x7F,0xFE,0x00,0x00,0x00,0x00,0x00,0x00,0x00,0x00,0x00,0x00,0x3F,0xFC,
  0x00,0x00,0xFF,0xFF,0x00,0x03,0xFF,0xFF,0x80,0x07,0xFF,0xFF,0xC0,0x0F,0xFF,0xFF,
  0xE0,0x1F,0xFF,0xFF,0xF0,0x3F,0xF8,0x3F,0xF8,0x3F,0xE0,0x0F,0xF8,0x3F,0xC0,0x07,
  0xFC,0x7F,0xC0,0x03,0xFC,0x7F,0x80,0x03,0xFE,0x7F,0x80,0x01,0xFE,0x7F,0x80,0x01,
  0xFE,0x7F,0x80,0x01,0xFE,0x7F,0x80,0x01,0xFF,0x7F,0x80,0x03,0xFF,0x7F,0x80,0x03,
  0xFF,0x7F,0xC0,0x07,0xFF,0x7F,0xE0,0x07,0xFF,0x3F,0xF0,0x1F,0xFF,0x3F,0xFE,0xFF,
  0xFF,0x1F,0xFF,0xFE,0xFF,0x0F,0xFF,0xFC,0xFF,0x0F,0xFF,0xFC,0xFF,0x03,0xFF,0xF9,
  0xFE,0x01,0xFF,0xE1,0xFE,0x00,0x3F,0x81,0xFE,0x00,0x00,0x01,0xFE,0x00,0x00,0x01,
  0xFE,0x00,0x00,0x03,0xFC,0x7F,0x80,0x03,0xFC,0x7F,0xC0,0x07,0xFC,0x3F,0xE0,0x0F,
  0xF8,0x3F,0xF0,0x1F,0xF8,0x1F,0xFF,0xFF,0xF0,0x1F,0xFF,0xFF,0xE0,0x0F,0xFF,0xFF,
  0xE0,0x07,0xFF,0xFF,0xC0,0x03,0xFF,0xFF,0x80,0x00,0xFF,0xFE,0x00,0x00,0x3F,0xF8,
  0x00,0x00,0x00,0x00,0x00,0x00,0x00,0x3F,0x00,0x7F,0x80,0x7F,0xC0,0x7F,0xC0,0x7F,
  0xC0,0x7F,0xC0,0x7F,0x80,0x3F,0x00,0x00,0x00,0x00,0x00,0x00,0x00,0x00,0x00,0x00,
  0x00,0x00,0x00,0x00,0x00,0x00,0x00,0x00,0x00,0x00,0x00,0x00,0x00,0x00,0x00,0x3F,
  0x00,0x7F,0x80,0x7F,0xC0,0x7F,0xC0,0x7F,0xC0,0x7F,0xC0,0x7F,0x80,0x3F,0x00,0x00,
  0x00,0x00,0x00,0x0F,0xC0,0x1F,0xE0,0x3F,0xE0,0x3F,0xF0,0x3F,0xF0,0x3F,0xE0,0x1F,
  0xE0,0x0F,0xC0,0x00,0x00,0x00,0x00,0x00,0x00,0x00,0x00,0x00,0x00,0x00,0x00,0x00,
  0x00,0x00,0x00,0x00,0x00,0x00,0x00,0x00,0x00,0x00,0x00,0x00,0x00,0x00,0x00,0x1F,
  0xE0,0x3F,0xC0,0x3F,0xC0,0x3F,0xC0,0x3F,0xC0,0x3F,0x80,0x3F,0x80,0x3F,0x80,0x7F,
  0x00,0x7F,0x00,0x7F,0x00,0x7E,0x00,0x7E,0x00,0x7E,0x00,0x7E,0x00,0xFC,0x00,0xFC,
  0x00,0x00,0x00,0x00,0x00,0x00,0x00,0x00,0x10,0x00,0x00,0x00,0x70,0x00,0x00,0x01,
  0xF0,0x00,0x00,0x0F,0xF0,0x00,0x00,0x3F,0xF0,0x00,0x00,0xFF,0xF0,0x00,0x03,0xFF,
  0xF0,0x00,0x1F,0xFF,0xF0,0x00,0x7F,0xFF,0xE0,0x01,0xFF,0xFF,0x00,0x07,0xFF,0xFC,
  0x00,0x3F,0xFF,0xE0,0x00,0x7F,0xFF,0x80,0x00,0x7F,0xFE,0x00,0x00,0x7F,0xF0,0x00,
  0x00,0x7F,0xC0,0x00,0x00,0x7F,0xE0,0x00,0x00,0x7F,0xF8,0x00,0x00,0x7F,0xFF,0x00,
  0x00,0x7F,0xFF,0xC0,0x00,0x0F,0xFF,0xF8,0x00,0x03,0xFF,0xFE,0x00,0x00,0xFF,0xFF,
  0xC0,0x00,0x3F,0xFF,0xF0,0x00,0x07,0xFF,0xF0,0x00,0x01,0xFF,0xF0,0x00,0x00,0x7F,
  0xF0,0x00,0x00,0x1F,0xF0,0x00,0x00,0x03,0xF0,0x00,0x00,0x00,0xF0,0x00,0x00,0x00,
  0x30,0x00,0x00,0x00,0x00,0xFF,0xFF,0xFF,0xF0,0xFF,0xFF,0xFF,0xF0,0xFF,0xFF,0xFF,
  0xF0,0xFF,0xFF,0xFF,0xF0,0xFF,0xFF,0xFF,0xF0,0xFF,0xFF,0xFF,0xF0,0x00,0x00,0x00,
  0x00,0x00,0x00,0x00,0x00,0x00,0x00,0x00,0x00,0x00,0x00,0x00,0x00,0x00,0x00,0x00,
  0x00,0x00,0x00,0x00,0x00,0x00,0x00,0x00,0x00,0x00,0x00,0x00,0x00,0xFF,0xFF,0xFF,
  0xF0,0xFF,0xFF,0xFF,0xF0,0xFF,0xFF,0xFF,0xF0,0xFF,0xFF,0xFF,0xF0,0xFF,0xFF,0xFF,
  0xF0,0xFF,0xFF,0xFF,0xF0,0x00,0x00,0x00,0x00,0x40,0x00,0x00,0x00,0x70,0x00,0x00,
  0x00,0x7C,0x00,0x00,0x00,0x7F,0x80,0x00,0x00,0x7F,0xE0,0x00,0x00,0x7F,0xF8,0x00,
  0x00,0x7F,0xFE,0x00,0x00,0x7F,0xFF,0xC0,0x00,0x3F,0xFF,0xF0,0x00,0x07,0xFF,0xFC,
  0x00,0x01,0xFF,0xFF,0x00,0x00,0x3F,0xFF,0xE0,0x00,0x0F,0xFF,0xF0,0x00,0x03,0xFF,
  0xF0,0x00,0x00,0x7F,0xF0,0x00,0x00,0x1F,0xF0,0x00,0x00,0x3F,0xF0,0x00,0x00,0xFF,
  0xF0,0x00,0x07,0xFF,0xF0,0x00,0x1F,0xFF,0xF0,0x00,0xFF,0xFF,0x80,0x03,0xFF,0xFE,
  0x00,0x1F,0xFF,0xF8,0x00,0x7F,0xFF,0xE0,0x00,0x7F,0xFF,0x00,0x00,0x7F,0xFC,0x00,
  0x00,0x7F,0xF0,0x00,0x00,0x7F,0xC0,0x00,0x00,0x7E,0x00,0x00,0x00,0x78,0x00,0x00,
  0x00,0x60,0x00,0x00,0x00,0x00,0x00,0x00,0x00,0x00,0x00,0x00,0x00,0x00,0xFF,0xE0,
  0x00,0x07,0xFF,0xFC,0x00,0x0F,0xFF,0xFE,0x00,0x1F,0xFF,0xFF,0x00,0x3F,0xFF,0xFF,
  0x80,0x3F,0xFF,0xFF,0x80,0x7F,0xE0,0xFF,0xC0,0x7F,0xC0,0x7F,0xC0,0xFF,0x80,0x3F,
  0xC0,0xFF,0x00,0x3F,0xE0,0xFF,0x00,0x3F,0xE0,0x00,0x00,0x3F,0xE0,0x00,0x00,0x3F,
  0xE0,0x00,0x00,0x7F,0xC0,0x00,0x00,0x7F,0xC0,0x00,0x00,0xFF,0xC0,0x00,0x03,0xFF,
  0x80,0x00,0x07,0xFF,0x00,0x00,0x0F,0xFE,0x00,0x00,0x1F,0xFC,0x00,0x00,0x3F,0xF8,
  0x00,0x00,0x3F,0xE0,0x00,0x00,0x7F,0xC0,0x00,0x00,0x7F,0x80,0x00,0x00,0x7F,0x80,
  0x00,0x00,0x7F,0x00,0x00,0x00,0x7F,0x00,0x00,0x00,0x7F,0x00,0x00,0x00,0x7F,0x00,
  0x00,0x00,0x00,0x00,0x00,0x00,0x00,0x00,0x00,0x00,0x00,0x00,0x00,0x00,0x00,0x00,
  0x00,0x00,0x7F,0x00,0x00,0x00,0xFF,0x00,0x00,0x00,0xFF,0x80,0x00,0x00,0xFF,0x80,
  0x00,0x00,0xFF,0x80,0x00,0x00,0xFF,0x80,0x00,0x00,0xFF,0x00,0x00,0x00,0x7F,0x00,
  0x00,0x00,0x00,0x00,0x00,0x00,0x00,0x07,0xFF,0x80,0x00,0x00,0x00,0x00,0x7F,0xFF,
  0xF8,0x00,0x00,0x00,0x03,0xFF,0xFF,0xFE,0x00,0x00,0x00,0x0F,0xFF,0xFF,0xFF,0x80,
  0x00,0x00,0x1F,0xFF,0xFF,0xFF,0xE0,0x00,0x00,0x7F,0xFF,0xFF,0xFF,0xF0,0x00,0x00,
  0xFF,0xFF,0xCF,0xFF,0xF8,0x00,0x01,0xFF,0xF0,0x00,0x1F,0xFC,0x00,0x03,0xFF,0x80,
  0x00,0x07,0xFE,0x00,0x07,0xFE,0x00,0x00,0x01,0xFF,0x00,0x07,0xFC,0x00,0x00,0x00,
  0xFF,0x80,0x0F,0xF8,0x00,0x00,0x00,0x7F,0x80,0x0F,0xF0,0x03,0xF8,0x00,0x3F,0xC0,
  0x1F,0xE0,0x0F,0xFE,0x7E,0x1F,0xC0,0x1F,0xC0,0x3F,0xFF,0x7E,0x1F,0xE0,0x3F,0xC0,
  0x7F,0xFF,0xFE,0x0F,0xE0,0x3F,0x80,0xFF,0xFF,0xFE,0x0F,0xE0,0x3F,0x81,0xFF,0xFF,
  0xFE,0x07,0xF0,0x7F,0x81,0xFF,0x9F,0xFE,0x07,0xF0,0x7F,0x03,0xFC,0x03,0xFE,0x07,
  0xF0,0x7F,0x03,0xF8,0x01,0xFE,0x07,0xF0,0x7F,0x03,0xF0,0x00,0xFE,0x03,0xF0,0x7F,
  0x03,0xF0,0x00,0xFE,0x03,0xF0,0x7F,0x03,0xF0,0x00,0xFE,0x03,0xF0,0x7F,0x07,0xF0,
  0x00,0x7E,0x03,0xF0,0x7F,0x07,0xF0,0x00,0x7E,0x03,0xF0,0x7E,0x07,0xF0,0x00,0x7E,
  0x03,0xF0,0x7F,0x03,0xF0,0x00,0xFE,0x03,0xF0,0x7F,0x03,0xF0,0x00,0xFE,0x07,0xF0,
  0x7F,0x03,0xF0,0x00,0xFE,0x07,0xF0,0x7F,0x03,0xF8,0x01,0xFE,0x07,0xE0,0x7F,0x03,
  0xFC,0x01,0xFE,0x07,0xE0,0x7F,0x01,0xFE,0x07,0xFE,0x0F,0xE0,0x7F,0x01,0xFF,0xFF,
  0xFF,0x1F,0xC0,0x3F,0x80,0xFF,0xFF,0xFF,0xFF,0xC0,0x3F,0x80,0x7F,0xFF,0xBF,0xFF,
  0x80,0x3F,0xC0,0x3F,0xFF,0x3F,0xFF,0x00,0x3F,0xC0,0x1F,0xFE,0x1F,0xFE,0x00,0x1F,
  0xE0,0x03,0xF8,0x03,0xF8,0x00,0x1F,0xF0,0x00,0x00,0x00,0x00,0x00,0x0F,0xF8,0x00,
  0x00,0x00,0x00,0x00,0x07,0xFC,0x00,0x00,0x00,0x00,0x00,0x07,0xFE,0x00,0x00,0x00,
  0x00,0x00,0x03,0xFF,0x80,0x00,0x00,0x00,0x00,0x01,0xFF,0xF0,0x00,0x1E,0x00,0x00,
  0x00,0xFF,0xFF,0xC7,0xFE,0x00,0x00,0x00,0x7F,0xFF,0xFF,0xFF,0x00,0x00,0x00,0x3F,
  0xFF,0xFF,0xFF,0x00,0x00,0x00,0x0F,0xFF,0xFF,0xFF,0x00,0x00,0x00,0x03,0xFF,0xFF,
  0xFF,0x00,0x00,0x00,0x00,0x7F,0xFF,0xF8,0x00,0x00,0x00,0x00,0x07,0xFF,0x80,0x00,
  0x00,0x00,0x03,0xFF,0x80,0x00,0x00,0x03,0xFF,0xC0,0x00,0x00,0x07,0xFF,0xC0,0x00,
  0x00,0x07,0xFF,0xC0,0x00,0x00,0x07,0xFF,0xE0,0x00,0x00,0x0F,0xFF,0xE0,0x00,0x00,
  0x0F,0xFF,0xE0,0x00,0x00,0x0F,0xFF,0xF0,0x00,0x00,0x1F,0xEF,0xF0,0x00,0x00,0x1F,
  0xEF,0xF8,0x00,0x00,0x1F,0xE7,0xF8,0x00,0x00,0x3F,0xC7,0xF8,0x00,0x00,0x3F,0xC7,
  0xFC,0x00,0x00,0x3F,0xC7,0xFC,0x00,0x00,0x7F,0xC3,0xFC,0x00,0x00,0x7F,0x83,0xFE,
  0x00,0x00,0x7F,0x83,0xFE,0x00,0x00,0xFF,0x81,0xFE,0x00,0x00,0xFF,0x81,0xFF,0x00,
  0x00,0xFF,0x01,0xFF,0x00,0x01,0xFF,0x01,0xFF,0x00,0x01,0xFF,0x00,0xFF,0x80,0x01,
  0xFE,0x00,0xFF,0x80,0x03,0xFE,0x00,0xFF,0x80,0x03,0xFE,0x00,0x7F,0xC0,0x03,0xFF,
  0xFF,0xFF,0xC0,0x07,0xFF,0xFF,0xFF,0xC0,0x07,0xFF,0xFF,0xFF,0xE0,0x07,0xFF,0xFF,
  0xFF,0xE0,0x0F,0xFF,0xFF,0xFF,0xE0,0x0F,0xFF,0xFF,0xFF,0xF0,0x0F,0xF8,0x00,0x1F,
  0xF0,0x1F,0xF0,0x00,0x1F,0xF8,0x1F,0xF0,0x00,0x0F,0xF8,0x1F,0xF0,0x00,0x0F,0xF8,
  0x3F,0xE0,0x00,0x0F,0xFC,0x3F,0xE0,0x00,0x07,0xFC,0x3F,0xE0,0x00,0x07,0xFC,0x7F,
  0xC0,0x00,0x07,0xFE,0x7F,0xC0,0x00,0x03,0xFE,0x7F,0xC0,0x00,0x03,0xFE,0x7F,0xFF,
  0xFC,0x00,0x7F,0xFF,0xFF,0x80,0x7F,0xFF,0xFF,0xC0,0x7F,0xFF,0xFF,0xE0,0x7F,0xFF,
  0xFF,0xF0,0x7F,0xFF,0xFF,0xF8,0x7F,0x80,0xFF,0xFC,0x7F,0x80,0x0F,0xFC,0x7F,0x80,
  0x07,0xFC,0x7F,0x80,0x07,0xFC,0x7F,0x80,0x03,0xFC,0x7F,0x80,0x03,0xFC,0x7F,0x80,
  0x03,0xFC,0x7F,0x80,0x03,0xFC,0x7F,0x80,0x07,0xF8,0x7F,0x80,0x0F,0xF8,0x7F,0x80,
  0x3F,0xF0,0x7F,0xFF,0xFF,0xE0,0x7F,0xFF,0xFF,0x80,0x7F,0xFF,0xFE,0x00,0x7F,0xFF,
  0xFF,0xC0,0x7F,0xFF,0xFF,0xF0,0x7F,0xFF,0xFF,0xF8,0x7F,0x80,0x1F,0xFC,0x7F,0x80,
  0x07,0xFE,0x7F,0x80,0x03,0xFE,0x7F,0x80,0x01,0xFE,0x7F,0x80,0x01,0xFF,0x7F,0x80,
  0x01,0xFF,0x7F,0x80,0x01,0xFF,0x7F,0x80,0x01,0xFF,0x7F,0x80,0x01,0xFF,0x7F,0x80,
  0x03,0xFF,0x7F,0x80,0x07,0xFE,0x7F,0x80,0x7F,0xFE,0x7F,0xFF,0xFF,0xFC,0x7F,0xFF,
  0xFF,0xFC,0x7F,0xFF,0xFF,0xF8,0x7F,0xFF,0xFF,0xE0,0x7F,0xFF,0xFF,0xC0,0x7F,0xFF,
  0xFE,0x00,0x00,0x00,0x00,0x00,0x00,0x00,0x07,0xFF,0xC0,0x00,0x00,0x1F,0xFF,0xF0,
  0x00,0x00,0x7F,0xFF,0xFC,0x00,0x00,0xFF,0xFF,0xFF,0x00,0x01,0xFF,0xFF,0xFF,0x80,
  0x03,0xFF,0xFF,0xFF,0xC0,0x07,0xFF,0xFF,0xFF,0xC0,0x0F,0xFE,0x00,0xFF,0xE0,0x1F,
  0xFC,0x00,0x3F,0xE0,0x1F,0xF8,0x00,0x1F,0xF0,0x3F,0xF0,0x00,0x1F,0xF0,0x3F,0xE0,
  0x00,0x0F,0xF8,0x3F,0xE0,0x00,0x0F,0xF8,0x7F,0xC0,0x00,0x07,0xF8,0x7F,0xC0,0x00,
  0x00,0x00,0x7F,0xC0,0x00,0x00,0x00,0x7F,0x80,0x00,0x00,0x00,0x7F,0x80,0x00,0x00,
  0x00,0x7F,0x80,0x00,0x00,0x00,0x7F,0x80,0x00,0x00,0x00,0x7F,0x80,0x00,0x00,0x00,
  0x7F,0x80,0x00,0x00,0x00,0x7F,0x80,0x00,0x00,0x00,0x7F,0x80,0x00,0x00,0x00,0x7F,
  0x80,0x00,0x00,0x00,0x7F,0xC0,0x00,0x00,0x00,0x7F,0xC0,0x00,0x00,0x00,0x7F,0xC0,
  0x00,0x07,0xF8,0x3F,0xE0,0x00,0x0F,0xF8,0x3F,0xE0,0x00,0x0F,0xF8,0x3F,0xF0,0x00,
  0x1F,0xF0,0x1F,0xF8,0x00,0x1F,0xF0,0x1F,0xFC,0x00,0x3F,0xE0,0x0F,0xFE,0x00,0xFF,
  0xE0,0x07,0xFF,0xFF,0xFF,0xC0,0x03,0xFF,0xFF,0xFF,0x80,0x03,0xFF,0xFF,0xFF,0x00,
  0x00,0xFF,0xFF,0xFE,0x00,0x00,0x7F,0xFF,0xFC,0x00,0x00,0x1F,0xFF,0xF0,0x00,0x00,
  0x07,0xFF,0xC0,0x00,0x00,0x00,0x00,0x00,0x00,0x7F,0xFF,0xF0,0x00,0x00,0x7F,0xFF,
  0xFF,0x00,0x00,0x7F,0xFF,0xFF,0xC0,0x00,0x7F,0xFF,0xFF,0xE0,0x00,0x7F,0xFF,0xFF,
  0xF8,0x00,0x7F,0xFF,0xFF,0xFC,0x00,0x7F,0xFF,0xFF,0xFC,0x00,0x7F,0x80,0x1F,0xFE,
  0x00,0x7F,0x80,0x07,0xFF,0x00,0x7F,0x80,0x01,0xFF,0x00,0x7F,0x80,0x00,0xFF,0x80,
  0x7F,0x80,0x00,0xFF,0x80,0x7F,0x80,0x00,0x7F,0xC0,0x7F,0x80,0x00,0x7F,0xC0,0x7F,
  0x80,0x00,0x3F,0xC0,0x7F,0x80,0x00,0x3F,0xC0,0x7F,0x80,0x00,0x3F,0xE0,0x7F,0x80,
  0x00,0x3F,0xE0,0x7F,0x80,0x00,0x3F,0xE0,0x7F,0x80,0x00,0x1F,0xE0,0x7F,0x80,0x00,
  0x1F,0xE0,0x7F,0x80,0x00,0x1F,0xE0,0x7F,0x80,0x00,0x3F,0xE0,0x7F,0x80,0x00,0x3F,
  0xE0,0x7F,0x80,0x00,0x3F,0xE0,0x7F,0x80,0x00,0x3F,0xC0,0x7F,0x80,0x00,0x3F,0xC0,
  0x7F,0x80,0x00,0x7F,0xC0,0x7F,0x80,0x00,0x7F,0xC0,0x7F,0x80,0x00,0xFF,0x80,0x7F,
  0x80,0x00,0xFF,0x80,0x7F,0x80,0x01,0xFF,0x00,0x7F,0x80,0x07,0xFF,0x00,0x7F,0x80,
  0x1F,0xFE,0x00,0x7F,0xFF,0xFF,0xFC,0x00,0x7F,0xFF,0xFF,0xFC,0x00,0x7F,0xFF,0xFF,
  0xF8,0x00,0x7F,0xFF,0xFF,0xE0,0x00,0x7F,0xFF,0xFF,0xC0,0x00,0x7F,0xFF,0xFF,0x00,
  0x00,0x7F,0xFF,0xF0,0x00,0x00,0x7F,0xFF,0xFF,0xF0,0x7F,0xFF,0xFF,0xF0,0x7F,0xFF,
  0xFF,0xF0,0x7F,0xFF,0xFF,0xF0,0x7F,0xFF,0xFF,0xF0,0x7F,0xFF,0xFF,0xF0,0x7F,0x80,
  0x00,0x00,0x7F,0x80,0x00,0x00,0x7F,0x80,0x00,0x00,0x7F,0x80,0x00,0x00,0x7F,0x80,
  0x00,0x00,0x7F,0x80,0x00,0x00,0x7F,0x80,0x00,0x00,0x7F,0x80,0x00,0x00,0x7F,0x80,
  0x00,0x00,0x7F,0x80,0x00,0x00,0x7F,0x80,0x00,0x00,0x7F,0xFF,0xFF,0xE0,0x7F,0xFF,
  0xFF,0xE0,0x7F,0xFF,0xFF,0xE0,0x7F,0xFF,0xFF,0xE0,0x7F,0xFF,0xFF,0xE0,0x7F,0xFF,
  0xFF,0xE0,0x7F,0x80,0x00,0x00,0x7F,0x80,0x00,0x00,0x7F,0x80,0x00,0x00,0x7F,0x80,
  0x00,0x00,0x7F,0x80,0x00,0x00,0x7F,0x80,0x00,0x00,0x7F,0x80,0x00,0x00,0x7F,0x80,
  0x00,0x00,0x7F,0x80,0x00,0x00,0x7F,0x80,0x00,0x00,0x7F,0x80,0x00,0x00,0x7F,0x80,
  0x00,0x00,0x7F,0xFF,0xFF,0xF0,0x7F,0xFF,0xFF,0xF0,0x7F,0xFF,0xFF,0xF0,0x7F,0xFF,
  0xFF,0xF0,0x7F,0xFF,0xFF,0xF0,0x7F,0xFF,0xFF,0xF0,0x7F,0xFF,0xFF,0xE0,0x7F,0xFF,
  0xFF,0xE0,0x7F,0xFF,0xFF,0xE0,0x7F,0xFF,0xFF,0xE0,0x7F,0xFF,0xFF,0xE0,0x7F,0xFF,
  0xFF,0xE0,0x7F,0x80,0x00,0x00,0x7F,0x80,0x00,0x00,0x7F,0x80,0x00,0x00,0x7F,0x80,
  0x00,0x00,0x7F,0x80,0x00,0x00,0x7F,0x80,0x00,0x00,0x7F,0x80,0x00,0x00,0x7F,0x80,
  0x00,0x00,0x7F,0x80,0x00,0x00,0x7F,0x80,0x00,0x00,0x7F,0x80,0x00,0x00,0x7F,0x80,
  0x00,0x00,0x7F,0x80,0x00,0x00,0x7F,0xFF,0xFF,0xC0,0x7F,0xFF,0xFF,0xC0,0x7F,0xFF,
  0xFF,0xC0,0x7F,0xFF,0xFF,0xC0,0x7F,0xFF,0xFF,0xC0,0x7F,0xFF,0xFF,0xC0,0x7F,0x80,
  0x00,0x00,0x7F,0x80,0x00,0x00,0x7F,0x80,0x00,0x00,0x7F,0x80,0x00,0x00,0x7F,0x80,
  0x00,0x00,0x7F,0x80,0x00,0x00,0x7F,0x80,0x00,0x00,0x7F,0x80,0x00,0x00,0x7F,0x80,
  0x00,0x00,0x7F,0x80,0x00,0x00,0x7F,0x80,0x00,0x00,0x7F,0x80,0x00,0x00,0x7F,0x80,
  0x00,0x00,0x7F,0x80,0x00,0x00,0x7F,0x80,0x00,0x00,0x7F,0x80,0x00,0x00,0x00,0x00,
  0x00,0x00,0x00,0x00,0x07,0xFF,0xC0,0x00,0x00,0x1F,0xFF,0xF0,0x00,0x00,0x7F,0xFF,
  0xFC,0x00,0x00,0xFF,0xFF,0xFE,0x00,0x01,0xFF,0xFF,0xFF,0x80,0x03,0xFF,0xFF,0xFF,
  0xC0,0x07,0xFF,0xFF,0xFF,0xC0,0x0F,0xFE,0x00,0xFF,0xE0,0x0F,0xFC,0x00,0x3F,0xF0,
  0x1F,0xF8,0x00,0x1F,0xF0,0x1F,0xF0,0x00,0x1F,0xF0,0x3F,0xE0,0x00,0x0F,0xF8,0x3F,
  0xE0,0x00,0x0F,0xF8,0x7F,0xC0,0x00,0x00,0x00,0x7F,0xC0,0x00,0x00,0x00,0x7F,0xC0,
  0x00,0x00,0x00,0x7F,0x80,0x00,0x00,0x00,0x7F,0x80,0x00,0x00,0x00,0x7F,0x80,0x00,
  0x00,0x00,0x7F,0x80,0x0F,0xFF,0xF8,0x7F,0x80,0x0F,0xFF,0xF8,0x7F,0x80,0x0F,0xFF,
  0xF8,0x7F,0x80,0x0F,0xFF,0xF8,0x7F,0x80,0x0F,0xFF,0xF8,0x7F,0x80,0x0F,0xFF,0xF8,
  0x7F,0xC0,0x00,0x07,0xF8,0x7F,0xC0,0x00,0x07,0xF8,0x7F,0xC0,0x00,0x07,0xF8,0x3F,
  0xE0,0x00,0x07,0xF8,0x3F,0xE0,0x00,0x0F,0xF8,0x3F,0xF0,0x00,0x0F,0xF0,0x1F,0xF8,
  0x00,0x1F,0xF0,0x1F,0xFC,0x00,0x3F,0xF0,0x0F,0xFE,0x00,0xFF,0xE0,0x07,0xFF,0xFF,
  0xFF,0xC0,0x03,0xFF,0xFF,0xFF,0xC0,0x01,0xFF,0xFF,0xFF,0x80,0x00,0xFF,0xFF,0xFF,
  0x00,0x00,0x7F,0xFF,0xFC,0x00,0x00,0x1F,0xFF,0xF8,0x00,0x00,0x07,0xFF,0xC0,0x00,
  0x00,0x00,0x00,0x00,0x00,0x7F,0x80,0x00,0x1F,0xE0,0x7F,0x80,0x00,0x1F,0xE0,0x7F,
  0x80,0x00,0x1F,0xE0,0x7F,0x80,0x00,0x1F,0xE0,0x7F,0x80,0x00,0x1F,0xE0,0x7F,0x80,
  0x00,0x1F,0xE0,0x7F,0x80,0x00,0x1F,0xE0,0x7F,0x80,0x00,0x1F,0xE0,0x7F,0x80,0x00,
  0x1F,0xE0,0x7F,0x80,0x00,0x1F,0xE0,0x7F,0x80,0x00,0x1F,0xE0,0x7F,0x80,0x00,0x1F,
  0xE0,0x7F,0x80,0x00,0x1F,0xE0,0x7F,0x80,0x00,0x1F,0xE0,0x7F,0x80,0x00,0x1F,0xE0,
  0x7F,0x80,0x00,0x1F,0xE0,0x7F,0x80,0x00,0x1F,0xE0,0x7F,0xFF,0xFF,0xFF,0xE0,0x7F,
  0xFF,0xFF,0xFF,0xE0,0x7F,0xFF,0xFF,0xFF,0xE0,0x7F,0xFF,0xFF,0xFF,0xE0,0x7F,0xFF,
  0xFF,0xFF,0xE0,0x7F,0xFF,0xFF,0xFF,0xE0,0x7F,0x80,0x00,0x3F,0xE0,0x7F,0x80,0x00,
  0x1F,0xE0,0x7F,0x80,0x00,0x1F,0xE0,0x7F,0x80,0x00,0x1F,0xE0,0x7F,0x80,0x00,0x1F,
  0xE0,0x7F,0x80,0x00,0x1F,0xE0,0x7F,0x80,0x00,0x1F,0xE0,0x7F,0x80,0x00,0x1F,0xE0,
  0x7F,0x80,0x00,0x1F,0xE0,0x7F,0x80,0x00,0x1F,0xE0,0x7F,0x80,0x00,0x1F,0xE0,0x7F,
  0x80,0x00,0x1F,0xE0,0x7F,0x80,0x00,0x1F,0xE0,0x7F,0x80,0x00,0x1F,0xE0,0x7F,0x80,
  0x00,0x1F,0xE0,0x7F,0x80,0x00,0x1F,0xE0,0x7F,0x80,0x00,0x1F,0xE0,0x7F,0x80,0x00,
  0x1F,0xE0,0x7F,0x80,0x7F,0x80,0x7F,0x80,0x7F,0x80,0x7F,0x80,0x7F,0x80,0x7F,0x80,
  0x7F,0x80,0x7F,0x80,0x7F,0x80,0x7F,0x80,0x7F,0x80,0x7F,0x80,0x7F,0x80,0x7F,0x80,
  0x7F,0x80,0x7F,0x80,0x7F,0x80,0x7F,0x80,0x7F,0x80,0x7F,0x80,0x7F,0x80,0x7F,0x80,
  0x7F,0x80,0x7F,0x80,0x7F,0x80,0x7F,0x80,0x7F,0x80,0x7F,0x80,0x7F,0x80,0x7F,0x80,
  0x7F,0x80,0x7F,0x80,0x7F,0x80,0x7F,0x80,0x7F,0x80,0x7F,0x80,0x7F,0x80,0x7F,0x80,
  0x7F,0x80,0x7F,0x80,0x00,0x00,0x0F,0xF0,0x00,0x00,0x0F,0xF0,0x00,0x00,0x0F,0xF0,
  0x00,0x00,0x0F,0xF0,0x00,0x00,0x0F,0xF0,0x00,0x00,0x0F,0xF0,0x00,0x00,0x0F,0xF0,
  0x00,0x00,0x0F,0xF0,0x00,0x00,0x0F,0xF0,0x00,0x00,0x0F,0xF0,0x00,0x00,0x0F,0xF0,
  0x00,0x00,0x0F,0xF0,0x00,0x00,0x0F,0xF0,0x00,0x00,0x0F,0xF0,0x00,0x00,0x0F,0xF0,
  0x00,0x00,0x0F,0xF0,0x00,0x00,0x0F,0xF0,0x00,0x00,0x0F,0xF0,0x00,0x00,0x0F,0xF0,
  0x00,0x00,0x0F,0xF0,0x00,0x00,0x0F,0xF0,0x00,0x00,0x0F,0xF0,0x00,0x00,0x0F,0xF0,
  0x00,0x00,0x0F,0xF0,0x00,0x00,0x0F,0xF0,0x00,0x00,0x0F,0xF0,0x7F,0x80,0x0F,0xF0,
  0x7F,0x80,0x0F,0xF0,0x7F,0x80,0x0F,0xF0,0x7F,0x80,0x0F,0xF0,0x7F,0x80,0x0F,0xF0,
  0x7F,0xC0,0x1F,0xF0,0x7F,0xC0,0x1F,0xF0,0x3F,0xE0,0x3F,0xE0,0x3F,0xF0,0x7F,0xE0,
  0x3F,0xFF,0xFF,0xC0,0x1F,0xFF,0xFF,0xC0,0x0F,0xFF,0xFF,0x80,0x07,0xFF,0xFF,0x00,
  0x03,0xFF,0xFE,0x00,0x00,0xFF,0xF8,0x00,0x00,0x00,0x00,0x00,0x7F,0x80,0x00,0x7F,
  0xE0,0x7F,0x80,0x00,0xFF,0xC0,0x7F,0x80,0x01,0xFF,0x80,0x7F,0x80,0x03,0xFF,0x00,
  0x7F,0x80,0x07,0xFF,0x00,0x7F,0x80,0x07,0xFE,0x00,0x7F,0x80,0x0F,0xFC,0x00,0x7F,
  0x80,0x1F,0xF8,0x00,0x7F,0x80,0x3F,0xF0,0x00,0x7F,0x80,0x7F,0xE0,0x00,0x7F,0x80,
  0xFF,0xC0,0x00,0x7F,0x80,0xFF,0xC0,0x00,0x7F,0x81,0xFF,0x80,0x00,0x7F,0x83,0xFF,
  0x00,0x00,0x7F,0x87,0xFE,0x00,0x00,0x7F,0x8F,0xFC,0x00,0x00,0x7F,0x8F,0xF8,0x00,
  0x00,0x7F,0x9F,0xF8,0x00,0x00,0x7F,0xBF,0xF8,0x00,0x00,0x7F,0xBF,0xF8,0x00,0x00,
  0x7F,0xFF,0xFC,0x00,0x00,0x7F,0xFF,0xFE,0x00,0x00,0x7F,0xFF,0xFE,0x00,0x00,0x7F,
  0xFF,0xFF,0x00,0x00,0x7F,0xF9,0xFF,0x80,0x00,0x7F,0xF8,0xFF,0x80,0x00,0x7F,0xF0,
  0xFF,0xC0,0x00,0x7F,0xE0,0x7F,0xE0,0x00,0x7F,0xC0,0x3F,0xE0,0x00,0x7F,0x80,0x3F,
  0xF0,0x00,0x7F,0x80,0x1F,0xF8,0x00,0x7F,0x80,0x0F,0xF8,0x00,0x7F,0x80,0x0F,0xFC,
  0x00,0x7F,0x80,0x07,0xFE,0x00,0x7F,0x80,0x03,0xFE,0x00,0x7F,0x80,0x03,0xFF,0x00,
  0x7F,0x80,0x01,0xFF,0x80,0x7F,0x80,0x00,0xFF,0xC0,0x7F,0x80,0x00,0xFF,0xC0,0x7F,
  0x80,0x00,0x7F,0xE0,0x7F,0x80,0x00,0x3F,0xF0,0x7F,0x80,0x00,0x00,0x7F,0x80,0x00,
  0x00,0x7F,0x80,0x00,0x00,0x7F,0x80,0x00,0x00,0x7F,0x80,0x00,0x00,0x7F,0x80,0x00,
  0x00,0x7F,0x80,0x00,0x00,0x7F,0x80,0x00,0x00,0x7F,0x80,0x00,0x00,0x7F,0x80,0x00,
  0x00,0x7F,0x80,0x00,0x00,0x7F,0x80,0x00,0x00,0x7F,0x80,0x00,0x00,0x7F,0x80,0x00,
  0x00,0x7F,0x80,0x00,0x00,0x7F,0x80,0x00,0x00,0x7F,0x80,0x00,0x00,0x7F,0x80,0x00,
  0x00,0x7F,0x80,0x00,0x00,0x7F,0x80,0x00,0x00,0x7F,0x80,0x00,0x00,0x7F,0x80,0x00,
  0x00,0x7F,0x80,0x00,0x00,0x7F,0x80,0x00,0x00,0x7F,0x80,0x00,0x00,0x7F,0x80,0x00,
  0x00,0x7F,0x80,0x00,0x00,0x7F,0x80,0x00,0x00,0x7F,0x80,0x00,0x00,0x7F,0x80,0x00,
  0x00,0x7F,0x80,0x00,0x00,0x7F,0x80,0x00,0x00,0x7F,0x80,0x00,0x00,0x7F,0x80,0x00,
  0x00,0x7F,0x80,0x00,0x00,0x7F,0xFF,0xFF,0xE0,0x7F,0xFF,0xFF,0xE0,0x7F,0xFF,0xFF,
  0xE0,0x7F,0xFF,0xFF,0xE0,0x7F,0xFF,0xFF,0xE0,0x7F,0xFF,0xFF,0xE0,0x7F,0xFC,0x00,
  0x00,0xFF,0xFC,0x7F,0xFC,0x00,0x00,0xFF,0xFC,0x7F,0xFC,0x00,0x00,0xFF,0xFC,0x7F,
  0xFE,0x00,0x01,0xFF,0xFC,0x7F,0xFE,0x00,0x01,0xFF,0xFC,0x7F,0xFE,0x00,0x01,0xFF,
  0xFC,0x7F,0xFF,0x00,0x03,0xFF,0xFC,0x7F,0xFF,0x00,0x03,0xFF,0xFC,0x7F,0xFF,0x00,
  0x03,0xFF,0xFC,0x7F,0xFF,0x80,0x07,0xFF,0xFC,0x7F,0xFF,0x80,0x07,0xFF,0xFC,0x7F,
  0xBF,0xC0,0x07,0xF7,0xFC,0x7F,0xBF,0xC0,0x0F,0xF7,0xFC,0x7F,0xBF,0xC0,0x0F,0xF7,
  0xFC,0x7F,0x9F,0xE0,0x0F,0xF7,0xFC,0x7F,0x9F,0xE0,0x1F,0xE7,0xFC,0x7F,0x9F,0xE0,
  0x1F,0xE7,0xFC,0x7F,0x9F,0xF0,0x1F,0xE7,0xFC,0x7F,0x8F,0xF0,0x3F,0xC7,0xFC,0x7F,
  0x8F,0xF0,0x3F,0xC7,0xFC,0x7F,0x8F,0xF8,0x3F,0xC7,0xFC,0x7F,0x87,0xF8,0x7F,0x87,
  0xFC,0x7F,0x87,0xF8,0x7F,0x87,0xFC,0x7F,0x87,0xF8,0x7F,0x87,0xFC,0x7F,0x83,0xFC,
  0x7F,0x07,0xFC,0x7F,0x83,0xFC,0xFF,0x07,0xFC,0x7F,0x83,0xFC,0xFF,0x07,0xFC,0x7F,
  0x81,0xFC,0xFE,0x07,0xFC,0x7F,0x81,0xFC,0xFE,0x07,0xFC,0x7F,0x81,0xFE,0xFE,0x07,
  0xFC,0x7F,0x80,0xFF,0xFC,0x07,0xFC,0x7F,0x80,0xFF,0xFC,0x07,0xFC,0x7F,0x80,0x7F,
  0xFC,0x07,0xFC,0x7F,0x80,0x7F,0xF8,0x07,0xFC,0x7F,0x80,0x7F,0xF8,0x07,0xFC,0x7F,
  0x80,0x3F,0xF8,0x07,0xFC,0x7F,0x80,0x3F,0xF0,0x07,0xFC,0x7F,0x80,0x3F,0xF0,0x07,
  0xFC,0x7F,0x80,0x1F,0xE0,0x07,0xFC,0x7F,0x80,0x1F,0xE0,0x07,0xFC,0x7F,0x80,0x1F,
  0xE0,0x07,0xFC,0x7F,0xC0,0x00,0x1F,0xF0,0x7F,0xE0,0x00,0x1F,0xF0,0x7F,0xF0,0x00,
  0x1F,0xF0,0x7F,0xF0,0x00,0x1F,0xF0,0x7F,0xF8,0x00,0x1F,0xF0,0x7F,0xF8,0x00,0x1F,
  0xF0,0x7F,0xFC,0x00,0x1F,0xF0,0x7F,0xFE,0x00,0x1F,0xF0,0x7F,0xFE,0x00,0x1F,0xF0,
  0x7F,0xFF,0x00,0x1F,0xF0,0x7F,0xFF,0x00,0x1F,0xF0,0x7F,0xFF,0x80,0x1F,0xF0,0x7F,
  0xBF,0xC0,0x1F,0xF0,0x7F,0xBF,0xC0,0x1F,0xF0,0x7F,0x9F,0xE0,0x1F,0xF0,0x7F,0x9F,
  0xF0,0x1F,0xF0,0x7F,0x8F,0xF0,0x1F,0xF0,0x7F,0x8F,0xF8,0x1F,0xF0,0x7F,0x87,0xF8,
  0x1F,0xF0,0x7F,0x87,0xFC,0x1F,0xF0,0x7F,0x83,0xFE,0x1F,0xF0,0x7F,0x81,0xFE,0x1F,
  0xF0,0x7F,0x81,0xFF,0x0F,0xF0,0x7F,0x80,0xFF,0x0F,0xF0,0x7F,0x80,0xFF,0x8F,0xF0,
  0x7F,0x80,0x7F,0x8F,0xF0,0x7F,0x80,0x3F,0xCF,0xF0,0x7F,0x80,0x3F,0xCF,0xF0,0x7F,
  0x80,0x1F,0xEF,0xF0,0x7F,0x80,0x1F,0xEF,0xF0,0x7F,0x80,0x0F,0xFF,0xF0,0x7F,0x80,
  0x07,0xFF,0xF0,0x7F,0x80,0x07,0xFF,0xF0,0x7F,0x80,0x03,0xFF,0xF0,0x7F,0x80,0x01,
  0xFF,0xF0,0x7F,0x80,0x01,0xFF,0xF0,0x7F,0x80,0x00,0xFF,0xF0,0x7F,0x80,0x00,0xFF,
  0xF0,0x7F,0x80,0x00,0x7F,0xF0,0x7F,0x80,0x00,0x3F,0xF0,0x7F,0x80,0x00,0x3F,0xF0,
  0x00,0x00,0x00,0x00,0x00,0x00,0x07,0xFF,0xC0,0x00,0x00,0x1F,0xFF,0xF0,0x00,0x00,
  0x7F,0xFF,0xFC,0x00,0x00,0xFF,0xFF,0xFE,0x00,0x01,0xFF,0xFF,0xFF,0x80,0x03,0xFF,
  0xFF,0xFF,0xC0,0x07,0xFF,0xFF,0xFF,0xC0,0x0F,0xFE,0x00,0xFF,0xE0,0x1F,0xFC,0x00,
  0x3F,0xF0,0x1F,0xF8,0x00,0x1F,0xF0,0x3F,0xF0,0x00,0x1F,0xF8,0x3F,0xE0,0x00,0x0F,
  0xF8,0x3F,0xE0,0x00,0x07,0xF8,0x7F,0xC0,0x00,0x07,0xFC,0x7F,0xC0,0x00,0x07,0xFC,
  0x7F,0xC0,0x00,0x03,0xFC,0x7F,0x80,0x00,0x03,0xFC,0x7F,0x80,0x00,0x03,0xFC,0x7F,
  0x80,0x00,0x03,0xFC,0x7F,0x80,0x00,0x03,0xFE,0x7F,0x80,0x00,0x03,0xFE,0x7F,0x80,
  0x00,0x03,0xFE,0x7F,0x80,0x00,0x03,0xFC,0x7F,0x80,0x00,0x03,0xFC,0x7F,0x80,0x00,
  0x03,0xFC,0x7F,0xC0,0x00,0x03,0xFC,0x7F,0xC0,0x00,0x07,0xFC,0x7F,0xC0,0x00,0x07,
  0xFC,0x3F,0xE0,0x00,0x07,0xF8,0x3F,0xE0,0x00,0x0F,0xF8,0x3F,0xF0,0x00,0x1F,0xF8,
  0x1F,0xF8,0x00,0x1F,0xF0,0x1F,0xFC,0x00,0x3F,0xF0,0x0F,0xFE,0x00,0xFF,0xE0,0x07,
  0xFF,0xFF,0xFF,0xC0,0x03,0xFF,0xFF,0xFF,0xC0,0x01,0xFF,0xFF,0xFF,0x80,0x00,0xFF,
  0xFF,0xFE,0x00,0x00,0x7F,0xFF,0xFC,0x00,0x00,0x1F,0xFF,0xF0,0x00,0x00,0x07,0xFF,
  0xC0,0x00,0x00,0x00,0x00,0x00,0x00,0x7F,0xFF,0xF8,0x00,0x7F,0xFF,0xFF,0x00,0x7F,
  0xFF,0xFF,0xC0,0x7F,0xFF,0xFF,0xE0,0x7F,0xFF,0xFF,0xF0,0x7F,0xFF,0xFF,0xF8,0x7F,
  0x80,0xFF,0xF8,0x7F,0x80,0x1F,0xFC,0x7F,0x80,0x07,0xFC,0x7F,0x80,0x07,0xFE,0x7F,
  0x80,0x03,0xFE,0x7F,0x80,0x03,0xFE,0x7F,0x80,0x03,0xFE,0x7F,0x80,0x01,0xFE,0x7F,
  0x80,0x03,0xFE,0x7F,0x80,0x03,0xFE,0x7F,0x80,0x03,0xFE,0x7F,0x80,0x03,0xFE,0x7F,
  0x80,0x07,0xFC,0x7F,0x80,0x0F,0xFC,0x7F,0x80,0x3F,0xFC,0x7F,0xFF,0xFF,0xF8,0x7F,
  0xFF,0xFF,0xF0,0x7F,0xFF,0xFF,0xE0,0x7F,0xFF,0xFF,0xC0,0x7F,0xFF,0xFF,0x80,0x7F,
  0xFF,0xFE,0x00,0x7F,0x80,0x00,0x00,0x7F,0x80,0x00,0x00,0x7F,0x80,0x00,0x00,0x7F,
  0x80,0x00,0x00,0x7F,0x80,0x00,0x00,0x7F,0x80,0x00,0x00,0x7F,0x80,0x00,0x00,0x7F,
  0x80,0x00,0x00,0x7F,0x80,0x00,0x00,0x7F,0x80,0x00,0x00,0x7F,0x80,0x00,0x00,0x7F,
  0x80,0x00,0x00,0x7F,0x80,0x00,0x00,0x7F,0x80,0x00,0x00,0x00,0x00,0x00,0x00,0x00,
  0x00,0x07,0xFF,0xC0,0x00,0x00,0x1F,0xFF,0xF0,0x00,0x00,0x7F,0xFF,0xFC,0x00,0x00,
  0xFF,0xFF,0xFE,0x00,0x01,0xFF,0xFF,0xFF,0x80,0x03,0xFF,0xFF,0xFF,0x80,0x07,0xFF,
  0xFF,0xFF,0xC0,0x0F,0xFE,0x00,0xFF,0xE0,0x1F,0xFC,0x00,0x3F,0xF0,0x1F,0xF8,0x00,
  0x1F,0xF0,0x3F,0xF0,0x00,0x1F,0xF8,0x3F,0xE0,0x00,0x0F,0xF8,0x3F,0xE0,0x00,0x07,
  0xF8,0x7F,0xC0,0x00,0x07,0xFC,0x7F,0xC0,0x00,0x07,0xFC,0x7F,0xC0,0x00,0x03,0xFC,
  0x7F,0x80,0x00,0x03,0xFC,0x7F,0x80,0x00,0x03,0xFC,0x7F,0x80,0x00,0x03,0xFC,0x7F,
  0x80,0x00,0x03,0xFE,0x7F,0x80,0x00,0x03,0xFE,0x7F,0x80,0x00,0x03,0xFE,0x7F,0x80,
  0x00,0x03,0xFE,0x7F,0x80,0x00,0x03,0xFC,0x7F,0x80,0x00,0x03,0xFC,0x7F,0xC0,0x00,
  0x03,0xFC,0x7F,0xC0,0x00,0x07,0xFC,0x7F,0xC0,0x7F,0x07,0xFC,0x3F,0xE0,0x3F,0x87,
  0xF8,0x3F,0xE0,0x1F,0xCF,0xF8,0x3F,0xF0,0x1F,0xFF,0xF8,0x1F,0xF8,0x0F,0xFF,0xF0,
  0x1F,0xFC,0x07,0xFF,0xF0,0x0F,0xFE,0x03,0xFF,0xE0,0x07,0xFF,0xFF,0xFF,0xE0,0x03,
  0xFF,0xFF,0xFF,0xC0,0x01,0xFF,0xFF,0xFF,0x80,0x00,0xFF,0xFF,0xFF,0x00,0x00,0x7F,
  0xFF,0xFF,0x80,0x00,0x1F,0xFF,0xFF,0xC0,0x00,0x07,0xFF,0xDF,0xE0,0x00,0x00,0x00,
  0x0F,0xF0,0x00,0x00,0x00,0x07,0xF0,0x00,0x00,0x00,0x03,0xF8,0x00,0x00,0x00,0x00,
  0x00,0x7F,0xFF,0xF8,0x00,0x00,0x7F,0xFF,0xFF,0x00,0x00,0x7F,0xFF,0xFF,0xC0,0x00,
  0x7F,0xFF,0xFF,0xE0,0x00,0x7F,0xFF,0xFF,0xF0,0x00,0x7F,0xFF,0xFF,0xF8,0x00,0x7F,
  0x80,0xFF,0xF8,0x00,0x7F,0x80,0x0F,0xFC,0x00,0x7F,0x80,0x07,0xFC,0x00,0x7F,0x80,
  0x03,0xFE,0x00,0x7F,0x80,0x03,0xFE,0x00,0x7F,0x80,0x03,0xFE,0x00,0x7F,0x80,0x03,
  0xFE,0x00,0x7F,0x80,0x01,0xFE,0x00,0x7F,0x80,0x03,0xFE,0x00,0x7F,0x80,0x03,0xFE,
  0x00,0x7F,0x80,0x03,0xFE,0x00,0x7F,0x80,0x07,0xFE,0x00,0x7F,0x80,0x0F,0xFC,0x00,
  0x7F,0x80,0x1F,0xFC,0x00,0x7F,0xFF,0xFF,0xF8,0x00,0x7F,0xFF,0xFF,0xF8,0x00,0x7F,
  0xFF,0xFF,0xF0,0x00,0x7F,0xFF,0xFF,0xE0,0x00,0x7F,0xFF,0xFF,0x80,0x00,0x7F,0xFF,
  0xFF,0x00,0x00,0x7F,0x81,0xFF,0x80,0x00,0x7F,0x80,0xFF,0x80,0x00,0x7F,0x80,0x7F,
  0xC0,0x00,0x7F,0x80,0x7F,0xC0,0x00,0x7F,0x80,0x3F,0xE0,0x00,0x7F,0x80,0x3F,0xE0,
  0x00,0x7F,0x80,0x1F,0xF0,0x00,0x7F,0x80,0x1F,0xF0,0x00,0x7F,0x80,0x0F,0xF8,0x00,
  0x7F,0x80,0x0F,0xFC,0x00,0x7F,0x80,0x07,0xFC,0x00,0x7F,0x80,0x07,0xFE,0x00,0x7F,
  0x80,0x03,0xFE,0x00,0x7F,0x80,0x01,0xFF,0x00,0x7F,0x80,0x01,0xFF,0x00,0x00,0x00,
  0x00,0x00,0x00,0x00,0x3F,0xFE,0x00,0x00,0x00,0xFF,0xFF,0xC0,0x00,0x03,0xFF,0xFF,
  0xE0,0x00,0x07,0xFF,0xFF,0xF0,0x00,0x0F,0xFF,0xFF,0xF8,0x00,0x1F,0xFF,0xFF,0xFC,
  0x00,0x1F,0xF8,0x0F,0xFE,0x00,0x3F,0xF0,0x03,0xFE,0x00,0x3F,0xE0,0x01,0xFE,0x00,
  0x3F,0xC0,0x01,0xFF,0x00,0x3F,0xC0,0x00,0xFF,0x00,0x7F,0xC0,0x00,0x00,0x00,0x7F,
  0xC0,0x00,0x00,0x00,0x3F,0xE0,0x00,0x00,0x00,0x3F,0xF8,0x00,0x00,0x00,0x3F,0xFE,
  0x00,0x00,0x00,0x3F,0xFF,0xE0,0x00,0x00,0x1F,0xFF,0xFC,0x00,0x00,0x0F,0xFF,0xFF,
  0x80,0x00,0x07,0xFF,0xFF,0xE0,0x00,0x03,0xFF,0xFF,0xF0,0x00,0x00,0xFF,0xFF,0xF8,
  0x00,0x00,0x3F,0xFF,0xFC,0x00,0x00,0x07,0xFF,0xFE,0x00,0x00,0x00,0x7F,0xFE,0x00,
  0x00,0x00,0x0F,0xFF,0x00,0x00,0x00,0x03,0xFF,0x00,0x00,0x00,0x01,0xFF,0x00,0x00,
  0x00,0x00,0xFF,0x00,0xFF,0x80,0x00,0xFF,0x00,0xFF,0x80,0x00,0xFF,0x00,0x7F,0x80,
  0x00,0xFF,0x00,0x7F,0xC0,0x01,0xFF,0x00,0x7F,0xE0,0x03,0xFF,0x00,0x3F,0xF8,0x0F,
  0xFE,0x00,0x3F,0xFF,0xFF,0xFE,0x00,0x1F,0xFF,0xFF,0xFC,0x00,0x0F,0xFF,0xFF,0xF8,
  0x00,0x07,0xFF,0xFF,0xF0,0x00,0x01,0xFF,0xFF,0xC0,0x00,0x00,0x3F,0xFF,0x00,0x00,
  0x00,0x00,0x00,0x00,0x00,0xFF,0xFF,0xFF,0xFF,0x80,0xFF,0xFF,0xFF,0xFF,0x80,0xFF,
  0xFF,0xFF,0xFF,0x80,0xFF,0xFF,0xFF,0xFF,0x80,0xFF,0xFF,0xFF,0xFF,0x80,0xFF,0xFF,
  0xFF,0xFF,0x80,0x00,0x0F,0xF8,0x00,0x00,0x00,0x07,0xF8,0x00,0x00,0x00,0x07,0xF8,
  0x00,0x00,0x00,0x07,0xF8,0x00,0x00,0x00,0x07,0xF8,0x00,0x00,0x00,0x07,0xF8,0x00,
  0x00,0x00,0x07,0xF8,0x00,0x00,0x00,0x07,0xF8,0x00,0x00,0x00,0x07,0xF8,0x00,0x00,
  0x00,0x07,0xF8,0x00,0x00,0x00,0x07,0xF8,0x00,0x00,0x00,0x07,0xF8,0x00,0x00,0x00,
  0x07,0xF8,0x00,0x00,0x00,0x07,0xF8,0x00,0x00,0x00,0x07,0xF8,0x00,0x00,0x00,0x07,
  0xF8,0x00,0x00,0x00,0x07,0xF8,0x00,0x00,0x00,0x07,0xF8,0x00,0x00,0x00,0x07,0xF8,
  0x00,0x00,0x00,0x07,0xF8,0x00,0x00,0x00,0x07,0xF8,0x00,0x00,0x00,0x07,0xF8,0x00,
  0x00,0x00,0x07,0xF8,0x00,0x00,0x00,0x07,0xF8,0x00,0x00,0x00,0x07,0xF8,0x00,0x00,
  0x00,0x07,0xF8,0x00,0x00,0x00,0x07,0xF8,0x00,0x00,0x00,0x07,0xF8,0x00,0x00,0x00,
  0x07,0xF8,0x00,0x00,0x00,0x07,0xF8,0x00,0x00,0x00,0x07,0xF8,0x00,0x00,0x00,0x07,
  0xF8,0x00,0x00,0x00,0x07,0xF8,0x00,0x00,0x00,0x07,0xF8,0x00,0x00,0x00,0x07,0xF8,
  0x00,0x00,0x7F,0x80,0x00,0x3F,0xC0,0x7F,0x80,0x00,0x3F,0xC0,0x7F,0x80,0x00,0x3F,
  0xC0,0x7F,0x80,0x00,0x3F,0xC0,0x7F,0x80,0x00,0x3F,0xC0,0x7F,0x80,0x00,0x3F,0xC0,
  0x7F,0x80,0x00,0x3F,0xC0,0x7F,0x80,0x00,0x3F,0xC0,0x7F,0x80,0x00,0x3F,0xC0,0x7F,
  0x80,0x00,0x3F,0xC0,0x7F,0x80,0x00,0x3F,0xC0,0x7F,0x80,0x00,0x3F,0xC0,0x7F,0x80,
  0x00,0x3F,0xC0,0x7F,0x80,0x00,0x3F,0xC0,0x7F,0x80,0x00,0x3F,0xC0,0x7F,0x80,0x00,
  0x3F,0xC0,0x7F,0x80,0x00,0x3F,0xC0,0x7F,0x80,0x00,0x3F,0xC0,0x7F,0x80,0x00,0x3F,
  0xC0,0x7F,0x80,0x00,0x3F,0xC0,0x7F,0x80,0x00,0x3F,0xC0,0x7F,0x80,0x00,0x3F,0xC0,
  0x7F,0x80,0x00,0x3F,0xC0,0x7F,0x80,0x00,0x3F,0xC0,0x7F,0x80,0x00,0x3F,0xC0,0x7F,
  0x80,0x00,0x3F,0xC0,0x7F,0x80,0x00,0x3F,0xC0,0x7F,0x80,0x00,0x3F,0xC0,0x7F,0x80,
  0x00,0x3F,0xC0,0x7F,0xC0,0x00,0x7F,0xC0,0x7F,0xC0,0x00,0x7F,0xC0,0x7F,0xE0,0x00,
  0xFF,0xC0,0x3F,0xF0,0x01,0xFF,0x80,0x3F,0xF8,0x03,0xFF,0x80,0x1F,0xFF,0xFF,0xFF,
  0x00,0x0F,0xFF,0xFF,0xFE,0x00,0x0F,0xFF,0xFF,0xFE,0x00,0x07,0xFF,0xFF,0xFC,0x00,
  0x01,0xFF,0xFF,0xF0,0x00,0x00,0xFF,0xFF,0xE0,0x00,0x00,0x1F,0xFF,0x00,0x00,0x00,
  0x00,0x00,0x00,0x00,0x7F,0xC0,0x00,0x03,0xFE,0x7F,0xC0,0x00,0x03,0xFE,0x7F,0xC0,
  0x00,0x07,0xFE,0x3F,0xE0,0x00,0x07,0xFC,0x3F,0xE0,0x00,0x07,0xFC,0x3F,0xE0,0x00,
  0x07,0xFC,0x1F,0xF0,0x00,0x0F,0xF8,0x1F,0xF0,0x00,0x0F,0xF8,0x1F,0xF0,0x00,0x0F,
  0xF8,0x0F,0xF8,0x00,0x1F,0xF0,0x0F,0xF8,0x00,0x1F,0xF0,0x0F,0xF8,0x00,0x1F,0xF0,
  0x07,0xFC,0x00,0x3F,0xE0,0x07,0xFC,0x00,0x3F,0xE0,0x07,0xFC,0x00,0x3F,0xE0,0x03,
  0xFE,0x00,0x7F,0xC0,0x03,0xFE,0x00,0x7F,0xC0,0x03,0xFE,0x00,0x7F,0xC0,0x01,0xFF,
  0x00,0xFF,0x80,0x01,0xFF,0x00,0xFF,0x80,0x01,0xFF,0x00,0xFF,0x00,0x00,0xFF,0x81,
  0xFF,0x00,0x00,0xFF,0x81,0xFF,0x00,0x00,0x7F,0x81,0xFE,0x00,0x00,0x7F,0xC1,0xFE,
  0x00,0x00,0x7F,0xC3,0xFE,0x00,0x00,0x3F,0xC3,0xFC,0x00,0x00,0x3F,0xC3,0xFC,0x00,
  0x00,0x3F,0xE3,0xFC,0x00,0x00,0x1F,0xE7,0xF8,0x00,0x00,0x1F,0xE7,0xF8,0x00,0x00,
  0x1F,0xE7,0xF8,0x00,0x00,0x0F,0xF7,0xF0,0x00,0x00,0x0F,0xFF,0xF0,0x00,0x00,0x0F,
  0xFF,0xF0,0x00,0x00,0x07,0xFF,0xE0,0x00,0x00,0x07,0xFF,0xE0,0x00,0x00,0x07,0xFF,
  0xE0,0x00,0x00,0x03,0xFF,0xC0,0x00,0x00,0x03,0xFF,0xC0,0x00,0x00,0x03,0xFF,0xC0,
  0x00,0xFF,0xC0,0x00,0xFF,0x80,0x01,0xFF,0x7F,0xC0,0x01,0xFF,0x80,0x03,0xFE,0x7F,
  0xC0,0x01,0xFF,0x80,0x03,0xFE,0x7F,0xC0,0x01,0xFF,0x80,0x03,0xFE,0x3F,0xE0,0x01,
  0xFF,0x80,0x03,0xFE,0x3F,0xE0,0x03,0xFF,0xC0,0x07,0xFC,0x3F,0xE0,0x03,0xFF,0xC0,
  0x07,0xFC,0x3F,0xE0,0x03,0xFF,0xC0,0x07,0xFC,0x1F,0xE0,0x03,0xFF,0xC0,0x07,0xF8,
  0x1F,0xF0,0x07,0xFF,0xE0,0x0F,0xF8,0x1F,0xF0,0x07,0xFF,0xE0,0x0F,0xF8,0x1F,0xF0,
  0x07,0xFF,0xE0,0x0F,0xF8,0x0F,0xF0,0x07,0xFF,0xE0,0x0F,0xF0,0x0F,0xF8,0x0F,0xF7,
  0xF0,0x1F,0xF0,0x0F,0xF8,0x0F,0xE7,0xF0,0x1F,0xF0,0x0F,0xF8,0x0F,0xE7,0xF0,0x1F,
  0xF0,0x07,0xF8,0x0F,0xE7,0xF0,0x1F,0xE0,0x07,0xFC,0x1F,0xE7,0xF8,0x1F,0xE0,0x07,
  0xFC,0x1F,0xE3,0xF8,0x3F,0xE0,0x03,0xFC,0x1F,0xC3,0xF8,0x3F,0xE0,0x03,0xFC,0x1F,
  0xC3,0xF8,0x3F,0xC0,0x03,0xFC,0x3F,0xC3,0xFC,0x3F,0xC0,0x03,0xFE,0x3F,0xC3,0xFC,
  0x7F,0xC0,0x01,0xFE,0x3F,0x81,0xFC,0x7F,0x80,0x01,0xFE,0x3F,0x81,0xFC,0x7F,0x80,
  0x01,0xFE,0x3F,0x81,0xFC,0x7F,0x80,0x01,0xFE,0x7F,0x80,0xFE,0x7F,0x80,0x00,0xFF,
  0x7F,0x00,0xFE,0x7F,0x00,0x00,0xFF,0x7F,0x00,0xFE,0xFF,0x00,0x00,0xFF,0x7F,0x00,
  0xFE,0xFF,0x00,0x00,0xFF,0x7F,0x00,0x7E,0xFF,0x00,0x00,0x7F,0xFE,0x00,0x7F,0xFE,
  0x00,0x00,0x7F,0xFE,0x00,0x7F,0xFE,0x00,0x00,0x7F,0xFE,0x00,0x7F,0xFE,0x00,0x00,
  0x3F,0xFE,0x00,0x3F,0xFE,0x00,0x00,0x3F,0xFC,0x00,0x3F,0xFC,0x00,0x00,0x3F,0xFC,
  0x00,0x3F,0xFC,0x00,0x00,0x3F,0xFC,0x00,0x3F,0xFC,0x00,0x00,0x1F,0xF8,0x00,0x1F,
  0xF8,0x00,0x00,0x1F,0xF8,0x00,0x1F,0xF8,0x00,0x00,0x1F,0xF8,0x00,0x1F,0xF8,0x00,
  0x3F,0xF0,0x00,0x0F,0xF8,0x1F,0xF0,0x00,0x1F,0xF8,0x1F,0xF8,0x00,0x1F,0xF0,0x0F,
  0xFC,0x00,0x3F,0xE0,0x07,0xFC,0x00,0x7F,0xE0,0x07,0xFE,0x00,0x7F,0xC0,0x03,0xFF,
  0x00,0xFF,0x80,0x01,0xFF,0x01,0xFF,0x80,0x01,0xFF,0x81,0xFF,0x00,0x00,0xFF,0x83,
  0xFE,0x00,0x00,0x7F,0xC3,0xFE,0x00,0x00,0x7F,0xC7,0xFC,0x00,0x00,0x3F,0xE7,0xF8,
  0x00,0x00,0x1F,0xEF,0xF8,0x00,0x00,0x1F,0xFF,0xF0,0x00,0x00,0x0F,0xFF,0xE0,0x00,
  0x00,0x07,0xFF,0xE0,0x00,0x00,0x07,0xFF,0xC0,0x00,0x00,0x03,0xFF,0x80,0x00,0x00,
  0x01,0xFF,0x80,0x00,0x00,0x01,0xFF,0x80,0x00,0x00,0x03,0xFF,0xC0,0x00,0x00,0x07,
  0xFF,0xC0,0x00,0x00,0x07,0xFF,0xE0,0x00,0x00,0x0F,0xFF,0xF0,0x00,0x00,0x1F,0xFF,
  0xF0,0x00,0x00,0x1F,0xFF,0xF8,0x00,0x00,0x3F,0xEF,0xFC,0x00,0x00,0x7F,0xC7,0xFC,
  0x00,0x00,0xFF,0xC3,0xFE,0x00,0x00,0xFF,0x83,0xFF,0x00,0x01,0xFF,0x81,0xFF,0x00,
  0x03,0xFF,0x01,0xFF,0x80,0x03,0xFE,0x00,0xFF,0xC0,0x07,0xFE,0x00,0x7F,0xE0,0x0F,
  0xFC,0x00,0x7F,0xE0,0x0F,0xF8,0x00,0x3F,0xF0,0x1F,0xF0,0x00,0x1F,0xF8,0x3F,0xF0,
  0x00,0x1F,0xF8,0x7F,0xE0,0x00,0x0F,0xFC,0x7F,0xC0,0x00,0x07,0xFE,0x7F,0xC0,0x00,
  0x07,0xFC,0x7F,0xE0,0x00,0x0F,0xFC,0x3F,0xE0,0x00,0x0F,0xF8,0x3F,0xF0,0x00,0x1F,
  0xF8,0x1F,0xF8,0x00,0x1F,0xF0,0x0F,0xF8,0x00,0x3F,0xE0,0x0F,0xFC,0x00,0x7F,0xE0,
  0x07,0xFC,0x00,0x7F,0xC0,0x07,0xFE,0x00,0xFF,0xC0,0x03,0xFE,0x00,0xFF,0x80,0x01,
  0xFF,0x01,0xFF,0x80,0x01,0xFF,0x01,0xFF,0x00,0x00,0xFF,0x83,0xFE,0x00,0x00,0xFF,
  0x83,0xFE,0x00,0x00,0x7F,0xC7,0xFC,0x00,0x00,0x7F,0xC7,0xFC,0x00,0x00,0x3F,0xEF,
  0xF8,0x00,0x00,0x1F,0xEF,0xF0,0x00,0x00,0x1F,0xFF,0xF0,0x00,0x00,0x0F,0xFF,0xE0,
  0x00,0x00,0x0F,0xFF,0xE0,0x00,0x00,0x07,0xFF,0xC0,0x00,0x00,0x03,0xFF,0xC0,0x00,
  0x00,0x03,0xFF,0x80,0x00,0x00,0x01,0xFF,0x00,0x00,0x00,0x01,0xFF,0x00,0x00,0x00,
  0x01,0xFF,0x00,0x00,0x00,0x01,0xFF,0x00,0x00,0x00,0x01,0xFF,0x00,0x00,0x00,0x01,
  0xFF,0x00,0x00,0x00,0x01,0xFF,0x00,0x00,0x00,0x01,0xFF,0x00,0x00,0x00,0x01,0xFF,
  0x00,0x00,0x00,0x01,0xFF,0x00,0x00,0x00,0x01,0xFF,0x00,0x00,0x00,0x01,0xFF,0x00,
  0x00,0x00,0x01,0xFF,0x00,0x00,0x00,0x01,0xFF,0x00,0x00,0x00,0x01,0xFF,0x00,0x00,
  0x00,0x01,0xFF,0x00,0x00,0x00,0x01,0xFF,0x00,0x00,0xFF,0xFF,0xFF,0xFE,0xFF,0xFF,
  0xFF,0xFE,0xFF,0xFF,0xFF,0xFE,0xFF,0xFF,0xFF,0xFE,0xFF,0xFF,0xFF,0xFE,0xFF,0xFF,
  0xFF,0xFE,0x00,0x00,0x07,0xFC,0x00,0x00,0x0F,0xF8,0x00,0x00,0x1F,0xF0,0x00,0x00,
  0x1F,0xF0,0x00,0x00,0x3F,0xE0,0x00,0x00,0x7F,0xC0,0x00,0x00,0xFF,0xC0,0x00,0x00,
  0xFF,0x80,0x00,0x01,0xFF,0x00,0x00,0x03,0xFF,0x00,0x00,0x03,0xFE,0x00,0x00,0x07,
  0xFC,0x00,0x00,0x0F,0xFC,0x00,0x00,0x0F,0xF8,0x00,0x00,0x1F,0xF0,0x00,0x00,0x3F,
  0xF0,0x00,0x00,0x3F,0xE0,0x00,0x00,0x7F,0xC0,0x00,0x00,0xFF,0x80,0x00,0x00,0xFF,
  0x80,0x00,0x01,0xFF,0x00,0x00,0x03,0xFE,0x00,0x00,0x07,0xFE,0x00,0x00,0x07,0xFC,
  0x00,0x00,0x0F,0xF8,0x00,0x00,0x1F,0xF0,0x00,0x00,0x1F,0xF0,0x00,0x00,0x3F,0xE0,
  0x00,0x00,0x7F,0xE0,0x00,0x00,0x7F,0xFF,0xFF,0xFE,0xFF,0xFF,0xFF,0xFE,0xFF,0xFF,
  0xFF,0xFE,0xFF,0xFF,0xFF,0xFE,0xFF,0xFF,0xFF,0xFE,0xFF,0xFF,0xFF,0xFE,0x7F,0xFC,
  0x7F,0xFC,0x7F,0xFC,0x7F,0xFC,0x7F,0xFC,0x7F,0xFC,0x7F,0x80,0x7F,0x80,0x7F,0x80,
  0x7F,0x80,0x7F,0x80,0x7F,0x80,0x7F,0x80,0x7F,0x80,0x7F,0x80,0x7F,0x80,0x7F,0x80,
  0x7F,0x80,0x7F,0x80,0x7F,0x80,0x7F,0x80,0x7F,0x80,0x7F,0x80,0x7F,0x80,0x7F,0x80,
  0x7F,0x80,0x7F,0x80,0x7F,0x80,0x7F,0x80,0x7F,0x80,0x7F,0x80,0x7F,0x80,0x7F,0x80,
  0x7F,0x80,0x7F,0x80,0x7F,0x80,0x7F,0x80,0x7F,0x80,0x7F,0x80,0x7F,0x80,0x7F,0x80,
  0x7F,0x80,0x7F,0x80,0x7F,0x80,0x7F,0x80,0x7F,0xFC,0x7F,0xFC,0x7F,0xFC,0x7F,0xFC,
  0x7F,0xFC,0x7F,0xFC,0x7F,0x00,0x00,0x7F,0x00,0x00,0x7F,0x80,0x00,0x3F,0x80,0x00,
  0x3F,0x80,0x00,0x3F,0x80,0x00,0x1F,0xC0,0x00,0x1F,0xC0,0x00,0x1F,0xC0,0x00,0x1F,
  0xC0,0x00,0x0F,0xE0,0x00,0x0F,0xE0,0x00,0x0F,0xE0,0x00,0x0F,0xE0,0x00,0x07,0xF0,
  0x00,0x07,0xF0,0x00,0x07,0xF0,0x00,0x07,0xF8,0x00,0x03,0xF8,0x00,0x03,0xF8,0x00,
  0x03,0xF8,0x00,0x01,0xFC,0x00,0x01,0xFC,0x00,0x01,0xFC,0x00,0x01,0xFC,0x00,0x00,
  0xFE,0x00,0x00,0xFE,0x00,0x00,0xFE,0x00,0x00,0xFF,0x00,0x00,0x7F,0x00,0x00,0x7F,
  0x00,0x00,0x7F,0x00,0x00,0x7F,0x80,0x00,0x3F,0x80,0x00,0x3F,0x80,0x00,0x3F,0x80,
  0x00,0x1F,0xC0,0x00,0x1F,0xC0,0x00,0x1F,0xC0,0x00,0x1F,0xC0,0x00,0x0F,0xE0,0x00,
  0x0F,0xE0,0x00,0x0F,0xE0,0x00,0x0F,0xF0,0x00,0x07,0xF0,0x00,0x07,0xF0,0x00,0x07,
  0xF0,0x00,0x07,0xF8,0x00,0x03,0xF8,0x7F,0xFC,0x7F,0xFC,0x7F,0xFC,0x7F,0xFC,0x7F,
  0xFC,0x7F,0xFC,0x03,0xFC,0x03,0xFC,0x03,0xFC,0x03,0xFC,0x03,0xFC,0x03,0xFC,0x03,
  0xFC,0x03,0xFC,0x03,0xFC,0x03,0xFC,0x03,0xFC,0x03,0xFC,0x03,0xFC,0x03,0xFC,0x03,
  0xFC,0x03,0xFC,0x03,0xFC,0x03,0xFC,0x03,0xFC,0x03,0xFC,0x03,0xFC,0x03,0xFC,0x03,
  0xFC,0x03,0xFC,0x03,0xFC,0x03,0xFC,0x03,0xFC,0x03,0xFC,0x03,0xFC,0x03,0xFC,0x03,
  0xFC,0x03,0xFC,0x03,0xFC,0x03,0xFC,0x03,0xFC,0x03,0xFC,0x03,0xFC,0x03,0xFC,0x03,
  0xFC,0x7F,0xFC,0x7F,0xFC,0x7F,0xFC,0x7F,0xFC,0x7F,0xFC,0x7F,0xFC,0x00,0x3E,0x00,
  0x00,0x00,0x7F,0x00,0x00,0x00,0xFF,0x80,0x00,0x00,0xFF,0x80,0x00,0x01,0xFF,0xC0,
  0x00,0x01,0xFF,0xC0,0x00,0x03,0xF7,0xE0,0x00,0x03,0xF7,0xE0,0x00,0x07,0xE3,0xF0,
  0x00,0x07,0xE3,0xF0,0x00,0x0F,0xE1,0xF8,0x00,0x0F,0xC1,0xF8,0x00,0x0F,0xC0,0xFC,
  0x00,0x1F,0x80,0xFC,0x00,0x1F,0x80,0xFE,0x00,0x3F,0x00,0x7E,0x00,0x3F,0x00,0x7F,
  0x00,0x7E,0x00,0x3F,0x00,0x00,0x00,0x00,0x00,0xFF,0xFF,0xFF,0xE0,0xFF,0xFF,0xFF,
  0xE0,0xFF,0xFF,0xFF,0xE0,0xFF,0xFF,0xFF,0xE0,0xFF,0xFF,0xFF,0xE0,0xFF,0xFF,0xFF,
  0xE0,0x7F,0x00,0x7F,0x80,0x3F,0x80,0x1F,0x80,0x1F,0xC0,0x0F,0xC0,0x0F,0xE0,0x07,
  0xE0,0x03,0xF0,0x00,0x1F,0xE0,0x00,0x00,0xFF,0xFC,0x00,0x03,0xFF,0xFF,0x00,0x07,
  0xFF,0xFF,0x80,0x0F,0xFF,0xFF,0xC0,0x1F,0xFF,0xFF,0xE0,0x1F,0xFC,0xFF,0xE0,0x3F,
  0xE0,0x1F,0xF0,0x3F,0xC0,0x1F,0xF0,0x03,0xC0,0x0F,0xF0,0x00,0x00,0x0F,0xF0,0x00,
  0x00,0x0F,0xF0,0x00,0x00,0x3F,0xF0,0x00,0x1F,0xFF,0xF0,0x01,0xFF,0xFF,0xF0,0x07,
  0xFF,0xFF,0xF0,0x1F,0xFF,0xFF,0xF0,0x3F,0xFF,0xCF,0xF0,0x3F,0xF0,0x0F,0xF0,0x7F,
  0xC0,0x0F,0xF0,0x7F,0x80,0x0F,0xF0,0x7F,0x80,0x0F,0xF0,0x7F,0x80,0x1F,0xF0,0x7F,
  0x80,0x3F,0xF0,0x7F,0xC0,0x7F,0xF0,0x7F,0xFF,0xFF,0xF0,0x3F,0xFF,0xFF,0xF0,0x3F,
  0xFF,0xEF,0xF0,0x1F,0xFF,0xEF,0xF0,0x0F,0xFF,0x8F,0xF0,0x03,0xFF,0x0F,0xF0,0x00,
  0x00,0x00,0x00,0xFF,0x80,0x00,0x00,0xFF,0x80,0x00,0x00,0xFF,0x80,0x00,0x00,0xFF,
  0x80,0x00,0x00,0xFF,0x80,0x00,0x00,0xFF,0x80,0x00,0x00,0xFF,0x80,0x00,0x00,0xFF,
  0x80,0x00,0x00,0xFF,0x80,0x00,0x00,0xFF,0x80,0x00,0x00,0xFF,0x83,0xF8,0x00,0xFF,
  0x8F,0xFE,0x00,0xFF,0x9F,0xFF,0x80,0xFF,0xBF,0xFF,0xC0,0xFF,0xFF,0xFF,0xE0,0xFF,
  0xFF,0xFF,0xF0,0xFF,0xFE,0xFF,0xF0,0xFF,0xF0,0x3F,0xF8,0xFF,0xE0,0x0F,0xF8,0xFF,
  0xC0,0x0F,0xF8,0xFF,0x80,0x07,0xFC,0xFF,0x80,0x07,0xFC,0xFF,0x80,0x07,0xFC,0xFF,
  0x80,0x03,0xFC,0xFF,0x80,0x03,0xFC,0xFF,0x80,0x03,0xFC,0xFF,0x80,0x03,0xFC,0xFF,
  0x80,0x03,0xFC,0xFF,0x80,0x07,0xFC,0xFF,0x80,0x07,0xFC,0xFF,0x80,0x07,0xFC,0xFF,
  0xC0,0x0F,0xF8,0xFF,0xC0,0x0F,0xF8,0xFF,0xE0,0x1F,0xF8,0xFF,0xF8,0x3F,0xF0,0xFF,
  0xFF,0xFF,0xF0,0xFF,0xFF,0xFF,0xE0,0xFF,0xBF,0xFF,0xC0,0xFF,0x9F,0xFF,0x80,0xFF,
  0x8F,0xFF,0x00,0xFF,0x87,0xFC,0x00,0x00,0x00,0x00,0x00,0x00,0x1F,0xE0,0x00,0x00,
  0xFF,0xFC,0x00,0x03,0xFF,0xFF,0x00,0x07,0xFF,0xFF,0x80,0x0F,0xFF,0xFF,0xC0,0x1F,
  0xFF,0xFF,0xE0,0x1F,0xFE,0xFF,0xE0,0x3F,0xF0,0x1F,0xF0,0x3F,0xE0,0x0F,0xF0,0x7F,
  0xC0,0x0F,0xF8,0x7F,0xC0,0x07,0xF0,0x7F,0x80,0x04,0x00,0xFF,0x80,0x00,0x00,0xFF,
  0x80,0x00,0x00,0xFF,0x80,0x00,0x00,0xFF,0x80,0x00,0x00,0xFF,0x80,0x00,0x00,0xFF,
  0x80,0x00,0x00,0xFF,0x80,0x00,0x00,0x7F,0x80,0x00,0x00,0x7F,0x80,0x07,0x80,0x7F,
  0xC0,0x07,0xF8,0x7F,0xC0,0x0F,0xF0,0x3F,0xE0,0x1F,0xF0,0x3F,0xF8,0x3F,0xF0,0x1F,
  0xFF,0xFF,0xE0,0x0F,0xFF,0xFF,0xC0,0x07,0xFF,0xFF,0xC0,0x03,0xFF,0xFF,0x80,0x01,
  0xFF,0xFE,0x00,0x00,0x7F,0xF8,0x00,0x00,0x00,0x00,0x00,0x00,0x00,0x03,0xFC,0x00,
  0x00,0x03,0xFC,0x00,0x00,0x03,0xFC,0x00,0x00,0x03,0xFC,0x00,0x00,0x03,0xFC,0x00,
  0x00,0x03,0xFC,0x00,0x00,0x03,0xFC,0x00,0x00,0x03,0xFC,0x00,0x00,0x03,0xFC,0x00,
  0x00,0x03,0xFC,0x00,0x7F,0x03,0xFC,0x01,0xFF,0xC3,0xFC,0x07,0xFF,0xE3,0xFC,0x0F,
  0xFF,0xF3,0xFC,0x1F,0xFF,0xFB,0xFC,0x1F,0xFF,0xFF,0xFC,0x3F,0xFE,0xFF,0xFC,0x3F,
  0xF0,0x1F,0xFC,0x7F,0xE0,0x0F,0xFC,0x7F,0xC0,0x0F,0xFC,0x7F,0xC0,0x07,0xFC,0x7F,
  0x80,0x07,0xFC,0xFF,0x80,0x07,0xFC,0xFF,0x80,0x03,0xFC,0xFF,0x80,0x03,0xFC,0xFF,
  0x80,0x03,0xFC,0xFF,0x80,0x03,0xFC,0xFF,0x80,0x03,0xFC,0xFF,0x80,0x03,0xFC,0x7F,
  0x80,0x07,0xFC,0x7F,0x80,0x07,0xFC,0x7F,0xC0,0x07,0xFC,0x7F,0xC0,0x0F,0xFC,0x3F,
  0xE0,0x1F,0xFC,0x3F,0xF8,0x3F,0xFC,0x1F,0xFF,0xFF,0xFC,0x1F,0xFF,0xFF,0xFC,0x0F,
  0xFF,0xFB,0xFC,0x07,0xFF,0xF3,0xFC,0x03,0xFF,0xE3,0xFC,0x00,0xFF,0x83,0xFC,0x00,
  0x00,0x00,0x00,0x00,0x1F,0xE0,0x00,0x00,0xFF,0xFC,0x00,0x03,0xFF,0xFE,0x00,0x07,
  0xFF,0xFF,0x80,0x0F,0xFF,0xFF,0xC0,0x1F,0xFF,0xFF,0xC0,0x1F,0xFC,0xFF,0xE0,0x3F,
  0xE0,0x1F,0xF0,0x3F,0xC0,0x0F,0xF0,0x7F,0x80,0x0F,0xF0,0x7F,0x80,0x07,0xF8,0x7F,
  0x80,0x07,0xF8,0xFF,0x00,0x07,0xF8,0xFF,0xFF,0xFF,0xF8,0xFF,0xFF,0xFF,0xF8,0xFF,
  0xFF,0xFF,0xF8,0xFF,0xFF,0xFF,0xF8,0xFF,0xFF,0xFF,0xF8,0xFF,0x00,0x00,0x00,0x7F,
  0x80,0x00,0x00,0x7F,0x80,0x00,0x00,0x7F,0x80,0x00,0x00,0x7F,0xC0,0x07,0xC0,0x3F,
  0xE0,0x0F,0xF8,0x3F,0xF0,0x3F,0xF0,0x1F,0xFF,0xFF,0xF0,0x0F,0xFF,0xFF,0xE0,0x07,
  0xFF,0xFF,0xC0,0x03,0xFF,0xFF,0x80,0x01,0xFF,0xFF,0x00,0x00,0x7F,0xF8,0x00,0x00,
  0x00,0x00,0x00,0x00,0x00,0x00,0x00,0x1F,0xF8,0x00,0x7F,0xF8,0x00,0xFF,0xF8,0x01,
  0xFF,0xF8,0x01,0xFF,0xF8,0x03,0xFF,0xF0,0x03,0xFE,0x00,0x03,0xFC,0x00,0x03,0xFC,
  0x00,0x03,0xFC,0x00,0x03,0xFC,0x00,0x7F,0xFF,0xF8,0x7F,0xFF,0xF8,0x7F,0xFF,0xF8,
  0x7F,0xFF,0xF8,0x7F,0xFF,0xF8,0x7F,0xFF,0xF8,0x03,0xFE,0x00,0x03,0xFC,0x00,0x03,
  0xFC,0x00,0x03,0xFC,0x00,0x03,0xFC,0x00,0x03,0xFC,0x00,0x03,0xFC,0x00,0x03,0xFC,
  0x00,0x03,0xFC,0x00,0x03,0xFC,0x00,0x03,0xFC,0x00,0x03,0xFC,0x00,0x03,0xFC,0x00,
  0x03,0xFC,0x00,0x03,0xFC,0x00,0x03,0xFC,0x00,0x03,0xFC,0x00,0x03,0xFC,0x00,0x03,
  0xFC,0x00,0x03,0xFC,0x00,0x03,0xFC,0x00,0x03,0xFC,0x00,0x03,0xFC,0x00,0x03,0xFC,
  0x00,0x03,0xFC,0x00,0x00,0x7F,0x03,0xFC,0x01,0xFF,0xC3,0xFC,0x03,0xFF,0xE3,0xFC,
  0x0F,0xFF,0xF3,0xFC,0x0F,0xFF,0xFB,0xFC,0x1F,0xFF,0xFF,0xFC,0x3F,0xFE,0xFF,0xFC,
  0x3F,0xF0,0x1F,0xFC,0x7F,0xE0,0x0F,0xFC,0x7F,0xC0,0x0F,0xFC,0x7F,0xC0,0x07,0xFC,
  0x7F,0x80,0x07,0xFC,0xFF,0x80,0x07,0xFC,0xFF,0x80,0x03,0xFC,0xFF,0x80,0x03,0xFC,
  0xFF,0x80,0x03,0xFC,0xFF,0x80,0x03,0xFC,0xFF,0x80,0x03,0xFC,0xFF,0x80,0x03,0xFC,
  0xFF,0x80,0x07,0xFC,0x7F,0x80,0x07,0xFC,0x7F,0xC0,0x0F,0xFC,0x7F,0xE0,0x0F,0xFC,
  0x3F,0xF0,0x1F,0xFC,0x3F,0xFE,0xFF,0xFC,0x1F,0xFF,0xFF,0xFC,0x1F,0xFF,0xFB,0xFC,
  0x0F,0xFF,0xF3,0xFC,0x07,0xFF,0xE3,0xFC,0x01,0xFF,0xC3,0xFC,0x00,0x7F,0x03,0xFC,
  0x00,0x00,0x03,0xFC,0x00,0x00,0x07,0xFC,0x01,0x80,0x07,0xF8,0x3F,0xC0,0x0F,0xF8,
  0x3F,0xFC,0xFF,0xF8,0x3F,0xFF,0xFF,0xF0,0x1F,0xFF,0xFF,0xE0,0x0F,0xFF,0xFF,0xC0,
  0x07,0xFF,0xFF,0x80,0x01,0xFF,0xFE,0x00,0x00,0x3F,0xF0,0x00,0xFF,0x80,0x00,0x00,
  0xFF,0x80,0x00,0x00,0xFF,0x80,0x00,0x00,0xFF,0x80,0x00,0x00,0xFF,0x80,0x00,0x00,
  0xFF,0x80,0x00,0x00,0xFF,0x80,0x00,0x00,0xFF,0x80,0x00,0x00,0xFF,0x80,0x00,0x00,
  0xFF,0x80,0x00,0x00,0xFF,0x83,0xF8,0x00,0xFF,0x8F,0xFF,0x00,0xFF,0x9F,0xFF,0x80,
  0xFF,0xBF,0xFF,0xC0,0xFF,0xFF,0xFF,0xE0,0xFF,0xFF,0xFF,0xE0,0xFF,0xFD,0xFF,0xF0,
  0xFF,0xE0,0x3F,0xF0,0xFF,0xC0,0x1F,0xF0,0xFF,0x80,0x0F,0xF0,0xFF,0x80,0x0F,0xF0,
  0xFF,0x80,0x0F,0xF0,0xFF,0x80,0x0F,0xF0,0xFF,0x80,0x0F,0xF0,0xFF,0x80,0x0F,0xF0,
  0xFF,0x80,0x0F,0xF0,0xFF,0x80,0x0F,0xF0,0xFF,0x80,0x0F,0xF0,0xFF,0x80,0x0F,0xF0,
  0xFF,0x80,0x0F,0xF0,0xFF,0x80,0x0F,0xF0,0xFF,0x80,0x0F,0xF0,0xFF,0x80,0x0F,0xF0,
  0xFF,0x80,0x0F,0xF0,0xFF,0x80,0x0F,0xF0,0xFF,0x80,0x0F,0xF0,0xFF,0x80,0x0F,0xF0,
  0xFF,0x80,0x0F,0xF0,0xFF,0x80,0x0F,0xF0,0xFF,0x80,0x0F,0xF0,0xFF,0x80,0x0F,0xF0,
  0x3E,0x00,0x7F,0x00,0xFF,0x80,0xFF,0x80,0xFF,0x80,0xFF,0x80,0x7F,0x00,0x3E,0x00,
  0x00,0x00,0x00,0x00,0x00,0x00,0x00,0x00,0xFF,0x80,0xFF,0x80,0xFF,0x80,0xFF,0x80,
  0xFF,0x80,0xFF,0x80,0xFF,0x80,0xFF,0x80,0xFF,0x80,0xFF,0x80,0xFF,0x80,0xFF,0x80,
  0xFF,0x80,0xFF,0x80,0xFF,0x80,0xFF,0x80,0xFF,0x80,0xFF,0x80,0xFF,0x80,0xFF,0x80,
  0xFF,0x80,0xFF,0x80,0xFF,0x80,0xFF,0x80,0xFF,0x80,0xFF,0x80,0xFF,0x80,0xFF,0x80,
  0xFF,0x80,0xFF,0x80,0xFF,0x80,0x01,0xF0,0x03,0xF8,0x07,0xFC,0x07,0xFC,0x07,0xFC,
  0x07,0xFC,0x03,0xF8,0x01,0xF0,0x00,0x00,0x00,0x00,0x00,0x00,0x00,0x00,0x07,0xFC,
  0x07,0xFC,0x07,0xFC,0x07,0xFC,0x07,0xFC,0x07,0xFC,0x07,0xFC,0x07,0xFC,0x07,0xFC,
  0x07,0xFC,0x07,0xFC,0x07,0xFC,0x07,0xFC,0x07,0xFC,0x07,0xFC,0x07,0xFC,0x07,0xFC,
  0x07,0xFC,0x07,0xFC,0x07,0xFC,0x07,0xFC,0x07,0xFC,0x07,0xFC,0x07,0xFC,0x07,0xFC,
  0x07,0xFC,0x07,0xFC,0x07,0xFC,0x07,0xFC,0x07,0xFC,0x07,0xFC,0x07,0xFC,0x07,0xFC,
  0x07,0xFC,0x07,0xF8,0x3F,0xF8,0x7F,0xF8,0x7F,0xF0,0x7F,0xF0,0x7F,0xE0,0x7F,0x80,
  0x7E,0x00,0xFF,0x80,0x00,0x00,0xFF,0x80,0x00,0x00,0xFF,0x80,0x00,0x00,0xFF,0x80,
  0x00,0x00,0xFF,0x80,0x00,0x00,0xFF,0x80,0x00,0x00,0xFF,0x80,0x00,0x00,0xFF,0x80,
  0x00,0x00,0xFF,0x80,0x00,0x00,0xFF,0x80,0x00,0x00,0xFF,0x80,0x1F,0xF0,0xFF,0x80,
  0x3F,0xE0,0xFF,0x80,0x7F,0xE0,0xFF,0x80,0xFF,0xC0,0xFF,0x81,0xFF,0x80,0xFF,0x81,
  0xFF,0x00,0xFF,0x83,0xFE,0x00,0xFF,0x87,0xFC,0x00,0xFF,0x8F,0xFC,0x00,0xFF,0x9F,
  0xF8,0x00,0xFF,0x9F,0xF0,0x00,0xFF,0xBF,0xE0,0x00,0xFF,0xFF,0xC0,0x00,0xFF,0xFF,
  0x80,0x00,0xFF,0xFF,0xC0,0x00,0xFF,0xFF,0xC0,0x00,0xFF,0xFF,0xE0,0x00,0xFF,0xFF,
  0xF0,0x00,0xFF,0xFF,0xF8,0x00,0xFF,0xCF,0xF8,0x00,0xFF,0x8F,0xFC,0x00,0xFF,0x87,
  0xFE,0x00,0xFF,0x83,0xFE,0x00,0xFF,0x83,0xFF,0x00,0xFF,0x81,0xFF,0x80,0xFF,0x80,
  0xFF,0x80,0xFF,0x80,0x7F,0xC0,0xFF,0x80,0x7F,0xE0,0xFF,0x80,0x3F,0xF0,0xFF,0x80,
  0x1F,0xF0,0xFF,0x80,0x1F,0xF8,0xFF,0x80,0xFF,0x80,0xFF,0x80,0xFF,0x80,0xFF,0x80,
  0xFF,0x80,0xFF,0x80,0xFF,0x80,0xFF,0x80,0xFF,0x80,0xFF,0x80,0xFF,0x80,0xFF,0x80,
  0xFF,0x80,0xFF,0x80,0xFF,0x80,0xFF,0x80,0xFF,0x80,0xFF,0x80,0xFF,0x80,0xFF,0x80,
  0xFF,0x80,0xFF,0x80,0xFF,0x80,0xFF,0x80,0xFF,0x80,0xFF,0x80,0xFF,0x80,0xFF,0x80,
  0xFF,0x80,0xFF,0x80,0xFF,0x80,0xFF,0x80,0xFF,0x80,0xFF,0x80,0xFF,0x80,0xFF,0x80,
  0xFF,0x80,0xFF,0x80,0xFF,0x80,0xFF,0x80,0xFF,0x03,0xF0,0x00,0xFC,0x00,0xFF,0x0F,
  0xFC,0x07,0xFF,0x00,0xFF,0x1F,0xFE,0x0F,0xFF,0xC0,0xFF,0x3F,0xFF,0x1F,0xFF,0xC0,
  0xFF,0x7F,0xFF,0x3F,0xFF,0xE0,0xFF,0xFF,0xFF,0xFF,0xFF,0xF0,0xFF,0xFB,0xFF,0xFE,
  0xFF,0xF0,0xFF,0xE0,0x7F,0xF0,0x1F,0xF0,0xFF,0xC0,0x3F,0xE0,0x0F,0xF0,0xFF,0x80,
  0x3F,0xE0,0x0F,0xF8,0xFF,0x80,0x3F,0xE0,0x0F,0xF8,0xFF,0x80,0x1F,0xE0,0x0F,0xF8,
  0xFF,0x80,0x1F,0xE0,0x0F,0xF8,0xFF,0x80,0x1F,0xE0,0x0F,0xF8,0xFF,0x80,0x1F,0xE0,
  0x0F,0xF8,0xFF,0x80,0x1F,0xE0,0x0F,0xF8,0xFF,0x80,0x1F,0xE0,0x0F,0xF8,0xFF,0x80,
  0x1F,0xE0,0x0F,0xF8,0xFF,0x80,0x1F,0xE0,0x0F,0xF8,0xFF,0x80,0x1F,0xE0,0x0F,0xF8,
  0xFF,0x80,0x1F,0xE0,0x0F,0xF8,0xFF,0x80,0x1F,0xE0,0x0F,0xF8,0xFF,0x80,0x1F,0xE0,
  0x0F,0xF8,0xFF,0x80,0x1F,0xE0,0x0F,0xF8,0xFF,0x80,0x1F,0xE0,0x0F,0xF8,0xFF,0x80,
  0x1F,0xE0,0x0F,0xF8,0xFF,0x80,0x1F,0xE0,0x0F,0xF8,0xFF,0x80,0x1F,0xE0,0x0F,0xF8,
  0xFF,0x80,0x1F,0xE0,0x0F,0xF8,0xFF,0x80,0x1F,0xE0,0x0F,0xF8,0xFF,0x80,0x1F,0xE0,
  0x0F,0xF8,0xFF,0x03,0xF8,0x00,0xFF,0x0F,0xFE,0x00,0xFF,0x1F,0xFF,0x80,0xFF,0x3F,
  0xFF,0xC0,0xFF,0x7F,0xFF,0xE0,0xFF,0xFF,0xFF,0xE0,0xFF,0xFD,0xFF,0xF0,0xFF,0xE0,
  0x3F,0xF0,0xFF,0xC0,0x1F,0xF0,0xFF,0x80,0x0F,0xF0,0xFF,0x80,0x0F,0xF0,0xFF,0x80,
  0x0F,0xF0,0xFF,0x80,0x0F,0xF0,0xFF,0x80,0x0F,0xF0,0xFF,0x80,0x0F,0xF0,0xFF,0x80,
  0x0F,0xF0,0xFF,0x80,0x0F,0xF0,0xFF,0x80,0x0F,0xF0,0xFF,0x80,0x0F,0xF0,0xFF,0x80,
  0x0F,0xF0,0xFF,0x80,0x0F,0xF0,0xFF,0x80,0x0F,0xF0,0xFF,0x80,0x0F,0xF0,0xFF,0x80,
  0x0F,0xF0,0xFF,0x80,0x0F,0xF0,0xFF,0x80,0x0F,0xF0,0xFF,0x80,0x0F,0xF0,0xFF,0x80,
  0x0F,0xF0,0xFF,0x80,0x0F,0xF0,0xFF,0x80,0x0F,0xF0,0xFF,0x80,0x0F,0xF0,0x00,0x1F,
  0xE0,0x00,0x00,0xFF,0xFC,0x00,0x03,0xFF,0xFF,0x00,0x07,0xFF,0xFF,0x80,0x0F,0xFF,
  0xFF,0xC0,0x1F,0xFF,0xFF,0xE0,0x1F,0xFE,0xFF,0xF0,0x3F,0xF0,0x1F,0xF0,0x3F,0xE0,
  0x0F,0xF8,0x7F,0xC0,0x0F,0xF8,0x7F,0xC0,0x07,0xF8,0x7F,0x80,0x07,0xFC,0xFF,0x80,
  0x07,0xFC,0xFF,0x80,0x03,0xFC,0xFF,0x80,0x03,0xFC,0xFF,0x80,0x03,0xFC,0xFF,0x80,
  0x03,0xFC,0xFF,0x80,0x03,0xFC,0xFF,0x80,0x03,0xFC,0x7F,0x80,0x07,0xFC,0x7F,0x80,
  0x07,0xFC,0x7F,0xC0,0x07,0xF8,0x7F,0xC0,0x0F,0xF8,0x3F,0xE0,0x1F,0xF8,0x3F,0xF8,
  0x3F,0xF0,0x1F,0xFF,0xFF,0xE0,0x0F,0xFF,0xFF,0xE0,0x07,0xFF,0xFF,0xC0,0x03,0xFF,
  0xFF,0x80,0x01,0xFF,0xFE,0x00,0x00,0x7F,0xF8,0x00,0x00,0x00,0x00,0x00,0xFF,0x83,
  0xF8,0x00,0xFF,0x8F,0xFE,0x00,0xFF,0x9F,0xFF,0x80,0xFF,0xBF,0xFF,0xC0,0xFF,0xFF,
  0xFF,0xE0,0xFF,0xFF,0xFF,0xF0,0xFF,0xFE,0xFF,0xF0,0xFF,0xF0,0x3F,0xF8,0xFF,0xE0,
  0x0F,0xF8,0xFF,0xC0,0x0F,0xF8,0xFF,0x80,0x07,0xFC,0xFF,0x80,0x07,0xFC,0xFF,0x80,
  0x07,0xFC,0xFF,0x80,0x03,0xFC,0xFF,0x80,0x03,0xFC,0xFF,0x80,0x03,0xFC,0xFF,0x80,
  0x03,0xFC,0xFF,0x80,0x03,0xFC,0xFF,0x80,0x07,0xFC,0xFF,0x80,0x07,0xFC,0xFF,0x80,
  0x07,0xFC,0xFF,0xC0,0x0F,0xF8,0xFF,0xC0,0x0F,0xF8,0xFF,0xE0,0x1F,0xF8,0xFF,0xF8,
  0x3F,0xF0,0xFF,0xFF,0xFF,0xF0,0xFF,0xFF,0xFF,0xE0,0xFF,0xBF,0xFF,0xC0,0xFF,0xBF,
  0xFF,0x80,0xFF,0x8F,0xFF,0x00,0xFF,0x87,0xFC,0x00,0xFF,0x80,0x00,0x00,0xFF,0x80,
  0x00,0x00,0xFF,0x80,0x00,0x00,0xFF,0x80,0x00,0x00,0xFF,0x80,0x00,0x00,0xFF,0x80,
  0x00,0x00,0xFF,0x80,0x00,0x00,0xFF,0x80,0x00,0x00,0xFF,0x80,0x00,0x00,0xFF,0x80,
  0x00,0x00,0xFF,0x80,0x00,0x00,0x00,0x7F,0x03,0xFC,0x01,0xFF,0xC3,0xFC,0x07,0xFF,
  0xE3,0xFC,0x0F,0xFF,0xF3,0xFC,0x1F,0xFF,0xFB,0xFC,0x1F,0xFF,0xFF,0xFC,0x3F,0xFE,
  0xFF,0xFC,0x3F,0xF0,0x1F,0xFC,0x7F,0xE0,0x0F,0xFC,0x7F,0xC0,0x0F,0xFC,0x7F,0xC0,
  0x07,0xFC,0x7F,0x80,0x07,0xFC,0xFF,0x80,0x07,0xFC,0xFF,0x80,0x03,0xFC,0xFF,0x80,
  0x03,0xFC,0xFF,0x80,0x03,0xFC,0xFF,0x80,0x03,0xFC,0xFF,0x80,0x03,0xFC,0xFF,0x80,
  0x03,0xFC,0x7F,0x80,0x07,0xFC,0x7F,0x80,0x07,0xFC,0x7F,0xC0,0x07,0xFC,0x7F,0xC0,
  0x0F,0xFC,0x3F,0xE0,0x1F,0xFC,0x3F,0xF8,0x3F,0xFC,0x1F,0xFF,0xFF,0xFC,0x1F,0xFF,
  0xFF,0xFC,0x0F,0xFF,0xFB,0xFC,0x07,0xFF,0xF3,0xFC,0x03,0xFF,0xE3,0xFC,0x00,0xFF,
  0x83,0xFC,0x00,0x00,0x03,0xFC,0x00,0x00,0x03,0xFC,0x00,0x00,0x03,0xFC,0x00,0x00,
  0x03,0xFC,0x00,0x00,0x03,0xFC,0x00,0x00,0x03,0xFC,0x00,0x00,0x03,0xFC,0x00,0x00,
  0x03,0xFC,0x00,0x00,0x03,0xFC,0x00,0x00,0x03,0xFC,0x00,0x00,0x03,0xFC,0xFF,0x07,
  0xE0,0xFF,0x0F,0xE0,0xFF,0x3F,0xE0,0xFF,0x3F,0xE0,0xFF,0x7F,0xE0,0xFF,0xFF,0xE0,
  0xFF,0xFF,0xE0,0xFF,0xF8,0x00,0xFF,0xE0,0x00,0xFF,0xC0,0x00,0xFF,0x80,0x00,0xFF,
  0x80,0x00,0xFF,0x80,0x00,0xFF,0x80,0x00,0xFF,0x80,0x00,0xFF,0x80,0x00,0xFF,0x80,
  0x00,0xFF,0x80,0x00,0xFF,0x80,0x00,0xFF,0x80,0x00,0xFF,0x80,0x00,0xFF,0x80,0x00,
  0xFF,0x80,0x00,0xFF,0x80,0x00,0xFF,0x80,0x00,0xFF,0x80,0x00,0xFF,0x80,0x00,0xFF,
  0x80,0x00,0xFF,0x80,0x00,0xFF,0x80,0x00,0xFF,0x80,0x00,0x00,0x7F,0xC0,0x00,0x03,
  0xFF,0xF8,0x00,0x07,0xFF,0xFE,0x00,0x1F,0xFF,0xFF,0x00,0x3F,0xFF,0xFF,0x80,0x3F,
  0xFF,0xFF,0x80,0x7F,0xFB,0xFF,0xC0,0x7F,0xC0,0x7F,0xC0,0x7F,0x80,0x3F,0xC0,0x7F,
  0x80,0x1C,0x00,0x7F,0x80,0x00,0x00,0x7F,0xC0,0x00,0x00,0x3F,0xF8,0x00,0x00,0x3F,
  0xFF,0xC0,0x00,0x1F,0xFF,0xFC,0x00,0x0F,0xFF,0xFF,0x00,0x03,0xFF,0xFF,0x80,0x00,
  0xFF,0xFF,0xC0,0x00,0x07,0xFF,0xE0,0x00,0x00,0x7F,0xE0,0x00,0x00,0x3F,0xE0,0x07,
  0x00,0x1F,0xE0,0xFF,0x00,0x1F,0xE0,0xFF,0x80,0x3F,0xE0,0x7F,0xE0,0x7F,0xE0,0x7F,
  0xFF,0xFF,0xC0,0x3F,0xFF,0xFF,0xC0,0x1F,0xFF,0xFF,0x80,0x0F,0xFF,0xFF,0x00,0x07,
  0xFF,0xFC,0x00,0x01,0xFF,0xF0,0x00,0x00,0x00,0x00,0x00,0x07,0xF8,0x00,0x07,0xF8,
  0x00,0x07,0xF8,0x00,0x07,0xF8,0x00,0x07,0xF8,0x00,0x07,0xF8,0x00,0x07,0xF8,0x00,
  0x7F,0xFF,0xE0,0x7F,0xFF,0xE0,0x7F,0xFF,0xE0,0x7F,0xFF,0xE0,0x7F,0xFF,0xE0,0x7F,
  0xFF,0xE0,0x0F,0xF8,0x00,0x07,0xF8,0x00,0x07,0xF8,0x00,0x07,0xF8,0x00,0x07,0xF8,
  0x00,0x07,0xF8,0x00,0x07,0xF8,0x00,0x07,0xF8,0x00,0x07,0xF8,0x00,0x07,0xF8,0x00,
  0x07,0xF8,0x00,0x07,0xF8,0x00,0x07,0xF8,0x00,0x07,0xF8,0x00,0x07,0xF8,0x00,0x07,
  0xF8,0x00,0x07,0xF8,0x00,0x07,0xF8,0x00,0x07,0xFC,0x00,0x07,0xFF,0xE0,0x07,0xFF,
  0xE0,0x03,0xFF,0xE0,0x01,0xFF,0xE0,0x00,0xFF,0xE0,0x00,0x7F,0xE0,0x00,0x00,0x00,
  0xFF,0x80,0x0F,0xF0,0xFF,0x80,0x0F,0xF0,0xFF,0x80,0x0F,0xF0,0xFF,0x80,0x0F,0xF0,
  0xFF,0x80,0x0F,0xF0,0xFF,0x80,0x0F,0xF0,0xFF,0x80,0x0F,0xF0,0xFF,0x80,0x0F,0xF0,
  0xFF,0x80,0x0F,0xF0,0xFF,0x80,0x0F,0xF0,0xFF,0x80,0x0F,0xF0,0xFF,0x80,0x0F,0xF0,
  0xFF,0x80,0x0F,0xF0,0xFF,0x80,0x0F,0xF0,0xFF,0x80,0x0F,0xF0,0xFF,0x80,0x0F,0xF0,
  0xFF,0x80,0x0F,0xF0,0xFF,0x80,0x0F,0xF0,0xFF,0x80,0x0F,0xF0,0x7F,0x80,0x0F,0xF0,
  0x7F,0x80,0x0F,0xF0,0x7F,0x80,0x0F,0xF0,0x7F,0xC0,0x1F,0xF0,0x7F,0xC0,0x3F,0xF0,
  0x7F,0xF0,0x7F,0xF0,0x3F,0xFF,0xFF,0xF0,0x3F,0xFF,0xF7,0xF0,0x1F,0xFF,0xE7,0xF0,
  0x0F,0xFF,0xC7,0xF0,0x07,0xFF,0x87,0xF0,0x03,0xFF,0x07,0xF0,0x00,0x00,0x00,0x00,
  0x7F,0xC0,0x00,0xFF,0x80,0x7F,0xC0,0x00,0xFF,0x00,0x3F,0xC0,0x01,0xFF,0x00,0x3F,
  0xE0,0x01,0xFE,0x00,0x3F,0xE0,0x01,0xFE,0x00,0x1F,0xE0,0x03,0xFE,0x00,0x1F,0xF0,
  0x03,0xFC,0x00,0x0F,0xF0,0x03,0xFC,0x00,0x0F,0xF0,0x07,0xFC,0x00,0x0F,0xF8,0x07,
  0xF8,0x00,0x07,0xF8,0x07,0xF8,0x00,0x07,0xF8,0x0F,0xF8,0x00,0x07,0xFC,0x0F,0xF0,
  0x00,0x03,0xFC,0x0F,0xF0,0x00,0x03,0xFC,0x0F,0xE0,0x00,0x03,0xFE,0x1F,0xE0,0x00,
  0x01,0xFE,0x1F,0xE0,0x00,0x01,0xFE,0x1F,0xC0,0x00,0x00,0xFE,0x3F,0xC0,0x00,0x00,
  0xFF,0x3F,0xC0,0x00,0x00,0xFF,0x3F,0x80,0x00,0x00,0x7F,0x3F,0x80,0x00,0x00,0x7F,
  0x7F,0x80,0x00,0x00,0x7F,0xFF,0x00,0x00,0x00,0x3F,0xFF,0x00,0x00,0x00,0x3F,0xFE,
  0x00,0x00,0x00,0x3F,0xFE,0x00,0x00,0x00,0x1F,0xFE,0x00,0x00,0x00,0x1F,0xFC,0x00,
  0x00,0x00,0x0F,0xFC,0x00,0x00,0x00,0x0F,0xFC,0x00,0x00,0x7F,0xC0,0x0F,0xF0,0x03,
  0xFE,0x7F,0xC0,0x0F,0xF0,0x03,0xFC,0x3F,0xC0,0x1F,0xF0,0x07,0xFC,0x3F,0xC0,0x1F,
  0xF0,0x07,0xFC,0x3F,0xE0,0x1F,0xF8,0x07,0xF8,0x3F,0xE0,0x1F,0xF8,0x07,0xF8,0x1F,
  0xE0,0x3F,0xF8,0x07,0xF8,0x1F,0xE0,0x3F,0xF8,0x0F,0xF8,0x1F,0xE0,0x3F,0xFC,0x0F,
  0xF0,0x0F,0xF0,0x3F,0xFC,0x0F,0xF0,0x0F,0xF0,0x7F,0xFC,0x0F,0xF0,0x0F,0xF0,0x7E,
  0xFC,0x1F,0xE0,0x0F,0xF0,0x7E,0xFE,0x1F,0xE0,0x07,0xF8,0x7E,0x7E,0x1F,0xE0,0x07,
  0xF8,0x7E,0x7E,0x1F,0xE0,0x07,0xF8,0xFE,0x7E,0x1F,0xC0,0x03,0xF8,0xFC,0x7E,0x3F,
  0xC0,0x03,0xF8,0xFC,0x7F,0x3F,0xC0,0x03,0xFC,0xFC,0x3F,0x3F,0x80,0x01,0xFD,0xFC,
  0x3F,0x3F,0x80,0x01,0xFD,0xF8,0x3F,0x7F,0x80,0x01,0xFD,0xF8,0x1F,0xFF,0x00,0x01,
  0xFF,0xF8,0x1F,0xFF,0x00,0x00,0xFF,0xF0,0x1F,0xFF,0x00,0x00,0xFF,0xF0,0x1F,0xFF,
  0x00,0x00,0xFF,0xF0,0x0F,0xFE,0x00,0x00,0x7F,0xF0,0x0F,0xFE,0x00,0x00,0x7F,0xE0,
  0x0F,0xFE,0x00,0x00,0x7F,0xE0,0x07,0xFC,0x00,0x00,0x7F,0xE0,0x07,0xFC,0x00,0x00,
  0x3F,0xC0,0x07,0xFC,0x00,0x7F,0xC0,0x07,0xFC,0x3F,0xC0,0x0F,0xF8,0x3F,0xE0,0x0F,
  0xF0,0x1F,0xF0,0x1F,0xF0,0x1F,0xF0,0x1F,0xE0,0x0F,0xF8,0x3F,0xE0,0x07,0xF8,0x3F,
  0xC0,0x07,0xFC,0x7F,0x80,0x03,0xFC,0x7F,0x80,0x03,0xFE,0xFF,0x00,0x01,0xFE,0xFE,
  0x00,0x00,0xFF,0xFE,0x00,0x00,0xFF,0xFC,0x00,0x00,0x7F,0xFC,0x00,0x00,0x3F,0xF8,
  0x00,0x00,0x3F,0xF8,0x00,0x00,0x7F,0xF8,0x00,0x00,0x7F,0xFC,0x00,0x00,0xFF,0xFC,
  0x00,0x01,0xFF,0xFE,0x00,0x01,0xFE,0xFF,0x00,0x03,0xFC,0xFF,0x00,0x07,0xFC,0x7F,
  0x80,0x07,0xF8,0x7F,0xC0,0x0F,0xF8,0x3F,0xC0,0x0F,0xF0,0x3F,0xE0,0x1F,0xE0,0x1F,
  0xE0,0x3F,0xE0,0x1F,0xF0,0x3F,0xC0,0x0F,0xF8,0x7F,0xC0,0x07,0xF8,0xFF,0x80,0x07,
  0xFC,0x7F,0xC0,0x00,0xFF,0x80,0x7F,0xC0,0x00,0xFF,0x00,0x3F,0xC0,0x01,0xFF,0x00,
  0x3F,0xE0,0x01,0xFF,0x00,0x1F,0xE0,0x01,0xFE,0x00,0x1F,0xE0,0x03,0xFE,0x00,0x1F,
  0xF0,0x03,0xFC,0x00,0x0F,0xF0,0x03,0xFC,0x00,0x0F,0xF0,0x07,0xFC,0x00,0x0F,0xF8,
  0x07,0xF8,0x00,0x07,0xF8,0x07,0xF8,0x00,0x07,0xF8,0x0F,0xF0,0x00,0x03,0xFC,0x0F,
  0xF0,0x00,0x03,0xFC,0x0F,0xF0,0x00,0x03,0xFC,0x1F,0xE0,0x00,0x01,0xFE,0x1F,0xE0,
  0x00,0x01,0xFE,0x1F,0xE0,0x00,0x01,0xFE,0x3F,0xC0,0x00,0x00,0xFE,0x3F,0xC0,0x00,
  0x00,0xFF,0x3F,0x80,0x00,0x00,0x7F,0x3F,0x80,0x00,0x00,0x7F,0x7F,0x80,0x00,0x00,
  0x7F,0x7F,0x00,0x00,0x00,0x3F,0xFF,0x00,0x00,0x00,0x3F,0xFE,0x00,0x00,0x00,0x3F,
  0xFE,0x00,0x00,0x00,0x1F,0xFE,0x00,0x00,0x00,0x1F,0xFC,0x00,0x00,0x00,0x0F,0xFC,
  0x00,0x00,0x00,0x0F,0xFC,0x00,0x00,0x00,0x0F,0xF8,0x00,0x00,0x00,0x0F,0xF8,0x00,
  0x00,0x00,0x0F,0xF0,0x00,0x00,0x00,0x0F,0xF0,0x00,0x00,0x00,0x1F,0xF0,0x00,0x00,
  0x06,0x3F,0xE0,0x00,0x00,0x07,0xFF,0xE0,0x00,0x00,0x0F,0xFF,0xC0,0x00,0x00,0x0F,
  0xFF,0x80,0x00,0x00,0x0F,0xFF,0x00,0x00,0x00,0x1F,0xFE,0x00,0x00,0x00,0x0F,0xF8,
  0x00,0x00,0x00,0x7F,0xFF,0xFF,0x80,0x7F,0xFF,0xFF,0x80,0x7F,0xFF,0xFF,0x80,0x7F,
  0xFF,0xFF,0x80,0x7F,0xFF,0xFF,0x80,0x7F,0xFF,0xFF,0x80,0x00,0x01,0xFF,0x00,0x00,
  0x01,0xFF,0x00,0x00,0x03,0xFE,0x00,0x00,0x07,0xFC,0x00,0x00,0x0F,0xF8,0x00,0x00,
  0x0F,0xF8,0x00,0x00,0x1F,0xF0,0x00,0x00,0x3F,0xE0,0x00,0x00,0x7F,0xC0,0x00,0x00,
  0xFF,0xC0,0x00,0x00,0xFF,0x80,0x00,0x01,0xFF,0x00,0x00,0x03,0xFF,0x00,0x00,0x07,
  0xFE,0x00,0x00,0x07,0xFC,0x00,0x00,0x0F,0xF8,0x00,0x00,0x1F,0xF8,0x00,0x00,0x3F,
  0xF0,0x00,0x00,0x3F,0xF0,0x00,0x00,0x7F,0xFF,0xFF,0xC0,0xFF,0xFF,0xFF,0xC0,0xFF,
  0xFF,0xFF,0xC0,0xFF,0xFF,0xFF,0xC0,0xFF,0xFF,0xFF,0xC0,0xFF,0xFF,0xFF,0xC0,0x00,
  0x01,0xF0,0x00,0x0F,0xF0,0x00,0x3F,0xF0,0x00,0x7F,0xF0,0x00,0xFF,0xF0,0x00,0xFF,
  0xF0,0x00,0xFF,0xF0,0x01,0xFF,0x00,0x01,0xFE,0x00,0x01,0xFE,0x00,0x01,0xFE,0x00,
  0x01,0xFE,0x00,0x01,0xFE,0x00,0x01,0xFE,0x00,0x01,0xFE,0x00,0x01,0xFE,0x00,0x01,
  0xFE,0x00,0x01,0xFE,0x00,0x01,0xFE,0x00,0x03,0xFC,0x00,0x03,0xFC,0x00,0x0F,0xFC,
  0x00,0x7F,0xF8,0x00,0x7F,0xF8,0x00,0x7F,0xE0,0x00,0x7F,0x80,0x00,0x7F,0x80,0x00,
  0x7F,0xE0,0x00,0x7F,0xF8,0x00,0x7F,0xF8,0x00,0x0F,0xFC,0x00,0x03,0xFC,0x00,0x03,
  0xFC,0x00,0x01,0xFE,0x00,0x01,0xFE,0x00,0x01,0xFE,0x00,0x01,0xFE,0x00,0x01,0xFE,
  0x00,0x01,0xFE,0x00,0x01,0xFE,0x00,0x01,0xFE,0x00,0x01,0xFE,0x00,0x01,0xFE,0x00,
  0x01,0xFF,0x00,0x01,0xFF,0xF0,0x00,0xFF,0xF0,0x00,0xFF,0xF0,0x00,0x7F,0xF0,0x00,
  0x3F,0xF0,0x00,0x1F,0xF0,0x00,0x03,0xF0,0x7F,0x00,0x7F,0x00,0x7F,0x00,0x7F,0x00,
  0x7F,0x00,0x7F,0x00,0x7F,0x00,0x7F,0x00,0x7F,0x00,0x7F,0x00,0x7F,0x00,0x7F,0x00,
  0x7F,0x00,0x7F,0x00,0x7F,0x00,0x7F,0x00,0x7F,0x00,0x7F,0x00,0x7F,0x00,0x7F,0x00,
  0x7F,0x00,0x7F,0x00,0x7F,0x00,0x7F,0x00,0x7F,0x00,0x7F,0x00,0x7F,0x00,0x7F,0x00,
  0x7F,0x00,0x7F,0x00,0x7F,0x00,0x7F,0x00,0x7F,0x00,0x7F,0x00,0x7F,0x00,0x7F,0x00,
  0x7F,0x00,0x7F,0x00,0x7F,0x00,0x7F,0x00,0x7F,0x00,0x7F,0x00,0x7F,0x00,0x7F,0x00,
  0x7F,0x00,0x7F,0x00,0x7F,0x00,0x7F,0x00,0x7F,0x00,0x7F,0x00,0x7F,0x00,0x7F,0x00,
  0x7F,0x00,0x7F,0x00,0x7F,0x00,0x7F,0x00,0x7F,0x00,0x7F,0x00,0x7F,0x00,0x7F,0x00,
  0x7F,0x00,0x7F,0x00,0x7F,0x00,0x7F,0x00,0x7F,0x00,0x7F,0x00,0x7F,0x00,0x7E,0x00,
  0x00,0x7F,0xC0,0x00,0x7F,0xE0,0x00,0x7F,0xF0,0x00,0x7F,0xF8,0x00,0x7F,0xF8,0x00,
  0x3F,0xFC,0x00,0x07,0xFC,0x00,0x03,0xFC,0x00,0x03,0xFC,0x00,0x01,0xFC,0x00,0x01,
  0xFC,0x00,0x01,0xFC,0x00,0x01,0xFC,0x00,0x01,0xFC,0x00,0x01,0xFC,0x00,0x01,0xFC,
  0x00,0x01,0xFC,0x00,0x01,0xFE,0x00,0x01,0xFE,0x00,0x01,0xFF,0x00,0x00,0xFF,0x80,
  0x00,0xFF,0xF0,0x00,0x7F,0xF0,0x00,0x1F,0xF0,0x00,0x07,0xF0,0x00,0x1F,0xF0,0x00,
  0x7F,0xF0,0x00,0xFF,0xF0,0x00,0xFF,0x80,0x01,0xFF,0x00,0x01,0xFE,0x00,0x01,0xFE,
  0x00,0x01,0xFC,0x00,0x01,0xFC,0x00,0x01,0xFC,0x00,0x01,0xFC,0x00,0x01,0xFC,0x00,
  0x01,0xFC,0x00,0x01,0xFC,0x00,0x01,0xFC,0x00,0x03,0xFC,0x00,0x03,0xFC,0x00,0x07,
  0xFC,0x00,0x3F,0xFC,0x00,0x7F,0xF8,0x00,0x7F,0xF8,0x00,0x7F,0xF0,0x00,0x7F,0xE0,
  0x00,0x7F,0xC0,0x00,0x7E,0x00,0x00,0x00,0x00,0x00,0x00,0x07,0xF8,0x00,0x00,0x1F,
  0xFC,0x01,0xFC,0x1F,0xFE,0x01,0xFC,0x3F,0xFF,0x81,0xFC,0x7F,0xFF,0xC3,0xF8,0x7F,
  0xFF,0xFF,0xF8,0x7F,0x0F,0xFF,0xF8,0x7E,0x07,0xFF,0xF0,0xFE,0x03,0xFF,0xF0,0xFE,
  0x01,0xFF,0xE0,0xFE,0x00,0xFF,0xC0,0x00,0x00,0x3F,0x00,0x00,0x1F,0xF0,0xFF,0x80,
  0x00,0x3F,0xE1,0xFF,0x00,0x00,0x7F,0xC3,0xFE,0x00,0x00,0xFF,0x87,0xFC,0x00,0x00,
  0xFF,0x0F,0xF8,0x00,0x01,0xFF,0x0F,0xF0,0x00,0x03,0xFE,0x1F,0xF0,0x00,0x07,0xFC,
  0x3F,0xE0,0x00,0x0F,0xF8,0x7F,0xC0,0x00,0x1F,0xF0,0xFF,0x80,0x00,0x1F,0xE1,0xFF,
  0x00,0x00,0x3F,0xE1,0xFE,0x00,0x00,0x7F,0xC3,0xFE,0x00,0x00,0x7F,0xC3,0xFE,0x00,
  0x00,0x3F,0xE3,0xFE,0x00,0x00,0x3F,0xE1,0xFF,0x00,0x00,0x1F,0xF0,0xFF,0x80,0x00,
  0x0F,0xF8,0x7F,0xC0,0x00,0x07,0xFC,0x3F,0xE0,0x00,0x03,0xFE,0x1F,0xF0,0x00,0x01,
  0xFF,0x0F,0xF0,0x00,0x00,0xFF,0x0F,0xF8,0x00,0x00,0xFF,0x87,0xFC,0x00,0x00,0x7F,
  0xC3,0xFE,0x00,0x00,0x3F,0xE1,0xFF,0x00,0x00,0x1F,0xF0,0xFF,0x80,0x01,0xF8,0x00,
  0x07,0xFE,0x00,0x0F,0xFF,0x00,0x1F,0xFF,0x80,0x3F,0xFF,0xC0,0x7F,0xFF,0xE0,0x7F,
  0x0F,0xE0,0xFE,0x07,0xE0,0xFC,0x03,0xE0,0xFC,0x03,0xF0,0xFC,0x03,0xF0,0xFC,0x03,
  0xE0,0xFE,0x07,0xE0,0x7F,0x0F,0xE0,0x7F,0xFF,0xE0,0x3F,0xFF,0xC0,0x1F,0xFF,0x80,
  0x0F,0xFF,0x00,0x07,0xFE,0x00,0x01,0xF8,0x00,0x00,0x00,0x3F,0x00,0x7F,0x80,0x7F,
  0xC0,0x7F,0xC0,0x7F,0xC0,0x7F,0xC0,0x7F,0x80,0x3F,0x00,0x00,0x00,0xFF,0x87,0xFC,
  0x00,0x00,0x7F,0xC3,0xFE,0x00,0x00,0x3F,0xE1,0xFF,0x00,0x00,0x1F,0xF0,0xFF,0x80,
  0x00,0x0F,0xF8,0x7F,0x80,0x00,0x07,0xF8,0x7F,0xC0,0x00,0x07,0xFC,0x3F,0xE0,0x00,
  0x03,0xFE,0x1F,0xF0,0x00,0x01,0xFF,0x0F,0xF8,0x00,0x00,0xFF,0x87,0xFC,0x00,0x00,
  0x7F,0xC3,0xFC,0x00,0x00,0x3F,0xC3,0xFE,0x00,0x00,0x3F,0xE1,0xFF,0x00,0x00,0x3F,
  0xE1,0xFF,0x00,0x00,0x3F,0xE3,0xFE,0x00,0x00,0x7F,0xC3,0xFC,0x00,0x00,0xFF,0x87,
  0xFC,0x00,0x01,0xFF,0x0F,0xF8,0x00,0x03,0xFE,0x1F,0xF0,0x00,0x07,0xFC,0x3F,0xE0,
  0x00,0x07,0xF8,0x7F,0xC0,0x00,0x0F,0xF8,0x7F,0x80,0x00,0x1F,0xF0,0xFF,0x80,0x00,
  0x3F,0xE1,0xFF,0x00,0x00,0x7F,0xC3,0xFE,0x00,0x00,0xFF,0x87,0xFC,0x00,0x00,0x03,
  0xC0,0x3C,0x00,0x07,0xE0,0x7F,0x00,0x07,0xF0,0x7F,0x00,0x0F,0xF0,0xFF,0x00,0x0F,
  0xF0,0xFF,0x00,0x07,0xF0,0x7F,0x00,0x07,0xE0,0x7F,0x00,0x03,0xC0,0x3C,0x00,0x00,
  0x00,0x00,0x00,0x00,0x00,0x00,0x00,0x00,0x00,0x00,0x00,0x00,0x00,0x00,0x00,0x7F,
  0xFF,0xFF,0xF0,0x7F,0xFF,0xFF,0xF0,0x7F,0xFF,0xFF,0xF0,0x7F,0xFF,0xFF,0xF0,0x7F,
  0xFF,0xFF,0xF0,0x7F,0xFF,0xFF,0xF0,0x7F,0x80,0x00,0x00,0x7F,0x80,0x00,0x00,0x7F,
  0x80,0x00,0x00,0x7F,0x80,0x00,0x00,0x7F,0x80,0x00,0x00,0x7F,0x80,0x00,0x00,0x7F,
  0x80,0x00,0x00,0x7F,0x80,0x00,0x00,0x7F,0x80,0x00,0x00,0x7F,0x80,0x00,0x00,0x7F,
  0x80,0x00,0x00,0x7F,0xFF,0xFF,0xE0,0x7F,0xFF,0xFF,0xE0,0x7F,0xFF,0xFF,0xE0,0x7F,
  0xFF,0xFF,0xE0,0x7F,0xFF,0xFF,0xE0,0x7F,0xFF,0xFF,0xE0,0x7F,0x80,0x00,0x00,0x7F,
  0x80,0x00,0x00,0x7F,0x80,0x00,0x00,0x7F,0x80,0x00,0x00,0x7F,0x80,0x00,0x00,0x7F,
  0x80,0x00,0x00,0x7F,0x80,0x00,0x00,0x7F,0x80,0x00,0x00,0x7F,0x80,0x00,0x00,0x7F,
  0x80,0x00,0x00,0x7F,0x80,0x00,0x00,0x7F,0x80,0x00,0x00,0x7F,0xFF,0xFF,0xF0,0x7F,
  0xFF,0xFF,0xF0,0x7F,0xFF,0xFF,0xF0,0x7F,0xFF,0xFF,0xF0,0x7F,0xFF,0xFF,0xF0,0x7F,
  0xFF,0xFF,0xF0,0x00,0x03,0xFF,0x80,0x00,0x00,0x03,0xFF,0xC0,0x00,0x00,0x07,0xFF,
  0xC0,0x00,0x00,0x07,0xFF,0xC0,0x00,0x00,0x07,0xFF,0xE0,0x00,0x00,0x0F,0xFF,0xE0,
  0x00,0x00,0x0F,0xFF,0xE0,0x00,0x00,0x0F,0xFF,0xF0,0x00,0x00,0x1F,0xEF,0xF0,0x00,
  0x00,0x1F,0xEF,0xF8,0x00,0x00,0x1F,0xE7,0xF8,0x00,0x00,0x3F,0xC7,0xF8,0x00,0x00,
  0x3F,0xC7,0xFC,0x00,0x00,0x3F,0xC7,0xFC,0x00,0x00,0x7F,0xC3,0xFC,0x00,0x00,0x7F,
  0x83,0xFE,0x00,0x00,0x7F,0x83,0xFE,0x00,0x00,0xFF,0x81,0xFE,0x00,0x00,0xFF,0x81,
  0xFF,0x00,0x00,0xFF,0x01,0xFF,0x00,0x01,0xFF,0x01,0xFF,0x00,0x01,0xFF,0x00,0xFF,
  0x80,0x01,0xFE,0x00,0xFF,0x80,0x03,0xFE,0x00,0xFF,0x80,0x03,0xFE,0x00,0x7F,0xC0,
  0x03,0xFF,0xFF,0xFF,0xC0,0x07,0xFF,0xFF,0xFF,0xC0,0x07,0xFF,0xFF,0xFF,0xE0,0x07,
  0xFF,0xFF,0xFF,0xE0,0x0F,0xFF,0xFF,0xFF,0xE0,0x0F,0xFF,0xFF,0xFF,0xF0,0x0F,0xF8,
  0x00,0x1F,0xF0,0x1F,0xF0,0x00,0x1F,0xF8,0x1F,0xF0,0x00,0x0F,0xF8,0x1F,0xF0,0x00,
  0x0F,0xF8,0x3F,0xE0,0x00,0x0F,0xFC,0x3F,0xE0,0x00,0x07,0xFC,0x3F,0xE0,0x00,0x07,
  0xFC,0x7F,0xC0,0x00,0x07,0xFE,0x7F,0xC0,0x00,0x03,0xFE,0x7F,0xC0,0x00,0x03,0xFE,
  0x7F,0xFF,0xFF,0xE0,0x7F,0xFF,0xFF,0xE0,0x7F,0xFF,0xFF,0xE0,0x7F,0xFF,0xFF,0xE0,
  0x7F,0xFF,0xFF,0xE0,0x7F,0xFF,0xFF,0xE0,0x7F,0x80,0x00,0x00,0x7F,0x80,0x00,0x00,
  0x7F,0x80,0x00,0x00,0x7F,0x80,0x00,0x00,0x7F,0x80,0x00,0x00,0x7F,0x80,0x00,0x00,
  0x7F,0x80,0x00,0x00,0x7F,0x80,0x00,0x00,0x7F,0x80,0x00,0x00,0x7F,0x80,0x00,0x00,
  0x7F,0x80,0x00,0x00,0x7F,0xFF,0xFF,0x00,0x7F,0xFF,0xFF,0xC0,0x7F,0xFF,0xFF,0xE0,
  0x7F,0xFF,0xFF,0xF0,0x7F,0xFF,0xFF,0xF8,0x7F,0xFF,0xFF,0xFC,0x7F,0x80,0x1F,0xFC,
  0x7F,0x80,0x07,0xFC,0x7F,0x80,0x03,0xFE,0x7F,0x80,0x01,0xFE,0x7F,0x80,0x01,0xFE,
  0x7F,0x80,0x01,0xFE,0x7F,0x80,0x01,0xFE,0x7F,0x80,0x01,0xFE,0x7F,0x80,0x03,0xFE,
  0x7F,0x80,0x03,0xFC,0x7F,0x80,0x07,0xFC,0x7F,0x80,0x7F,0xFC,0x7F,0xFF,0xFF,0xF8,
  0x7F,0xFF,0xFF,0xF0,0x7F,0xFF,0xFF,0xE0,0x7F,0xFF,0xFF,0xC0,0x7F,0xFF,0xFF,0x80,
  0x7F,0xFF,0xFC,0x00,0x7F,0xFF,0xFC,0x00,0x7F,0xFF,0xFF,0x80,0x7F,0xFF,0xFF,0xC0,
  0x7F,0xFF,0xFF,0xE0,0x7F,0xFF,0xFF,0xF0,0x7F,0xFF,0xFF,0xF8,0x7F,0x80,0xFF,0xFC,
  0x7F,0x80,0x0F,0xFC,0x7F,0x80,0x07,0xFC,0x7F,0x80,0x07,0xFC,0x7F,0x80,0x03,0xFC,
  0x7F,0x80,0x03,0xFC,0x7F,0x80,0x03,0xFC,0x7F,0x80,0x03,0xFC,0x7F,0x80,0x07,0xF8,
  0x7F,0x80,0x0F,0xF8,0x7F,0x80,0x3F,0xF0,0x7F,0xFF,0xFF,0xE0,0x7F,0xFF,0xFF,0x80,
  0x7F,0xFF,0xFE,0x00,0x7F,0xFF,0xFF,0xC0,0x7F,0xFF,0xFF,0xF0,0x7F,0xFF,0xFF,0xF8,
  0x7F,0x80,0x1F,0xFC,0x7F,0x80,0x07,0xFE,0x7F,0x80,0x03,0xFE,0x7F,0x80,0x01,0xFE,
  0x7F,0x80,0x01,0xFF,0x7F,0x80,0x01,0xFF,0x7F,0x80,0x01,0xFF,0x7F,0x80,0x01,0xFF,
  0x7F,0x80,0x01,0xFF,0x7F,0x80,0x03,0xFF,0x7F,0x80,0x07,0xFE,0x7F,0x80,0x7F,0xFE,
  0x7F,0xFF,0xFF,0xFC,0x7F,0xFF,0xFF,0xFC,0x7F,0xFF,0xFF,0xF8,0x7F,0xFF,0xFF,0xE0,
  0x7F,0xFF,0xFF,0xC0,0x7F,0xFF,0xFE,0x00,0x7F,0xFF,0xFF,0xF0,0x7F,0xFF,0xFF,0xF0,
  0x7F,0xFF,0xFF,0xF0,0x7F,0xFF,0xFF,0xF0,0x7F,0xFF,0xFF,0xF0,0x7F,0xFF,0xFF,0xF0,
  0x7F,0x80,0x00,0x00,0x7F,0x80,0x00,0x00,0x7F,0x80,0x00,0x00,0x7F,0x80,0x00,0x00,
  0x7F,0x80,0x00,0x00,0x7F,0x80,0x00,0x00,0x7F,0x80,0x00,0x00,0x7F,0x80,0x00,0x00,
  0x7F,0x80,0x00,0x00,0x7F,0x80,0x00,0x00,0x7F,0x80,0x00,0x00,0x7F,0x80,0x00,0x00,
  0x7F,0x80,0x00,0x00,0x7F,0x80,0x00,0x00,0x7F,0x80,0x00,0x00,0x7F,0x80,0x00,0x00,
  0x7F,0x80,0x00,0x00,0x7F,0x80,0x00,0x00,0x7F,0x80,0x00,0x00,0x7F,0x80,0x00,0x00,
  0x7F,0x80,0x00,0x00,0x7F,0x80,0x00,0x00,0x7F,0x80,0x00,0x00,0x7F,0x80,0x00,0x00,
  0x7F,0x80,0x00,0x00,0x7F,0x80,0x00,0x00,0x7F,0x80,0x00,0x00,0x7F,0x80,0x00,0x00,
  0x7F,0x80,0x00,0x00,0x7F,0x80,0x00,0x00,0x7F,0x80,0x00,0x00,0x7F,0x80,0x00,0x00,
  0x7F,0x80,0x00,0x00,0x7F,0x80,0x00,0x00,0x7F,0x80,0x00,0x00,0x00,0x1F,0xFF,0xFF,
  0xFE,0x00,0x00,0x1F,0xFF,0xFF,0xFE,0x00,0x00,0x1F,0xFF,0xFF,0xFE,0x00,0x00,0x1F,
  0xFF,0xFF,0xFE,0x00,0x00,0x1F,0xFF,0xFF,0xFE,0x00,0x00,0x1F,0xFF,0xFF,0xFE,0x00,
  0x00,0x1F,0xE0,0x01,0xFE,0x00,0x00,0x3F,0xE0,0x01,0xFE,0x00,0x00,0x3F,0xE0,0x01,
  0xFE,0x00,0x00,0x3F,0xC0,0x01,0xFE,0x00,0x00,0x3F,0xC0,0x01,0xFE,0x00,0x00,0x3F,
  0xC0,0x01,0xFE,0x00,0x00,0x3F,0xC0,0x01,0xFE,0x00,0x00,0x3F,0xC0,0x01,0xFE,0x00,
  0x00,0x3F,0xC0,0x01,0xFE,0x00,0x00,0x3F,0xC0,0x01,0xFE,0x00,0x00,0x3F,0xC0,0x01,
  0xFE,0x00,0x00,0x3F,0xC0,0x01,0xFE,0x00,0x00,0x3F,0xC0,0x01,0xFE,0x00,0x00,0x7F,
  0xC0,0x01,0xFE,0x00,0x00,0x7F,0xC0,0x01,0xFE,0x00,0x00,0x7F,0x80,0x01,0xFE,0x00,
  0x00,0x7F,0x80,0x01,0xFE,0x00,0x00,0x7F,0x80,0x01,0xFE,0x00,0x00,0x7F,0x80,0x01,
  0xFE,0x00,0x00,0x7F,0x80,0x01,0xFE,0x00,0x00,0xFF,0x80,0x01,0xFE,0x00,0x00,0xFF,
  0x00,0x01,0xFE,0x00,0x00,0xFF,0x00,0x01,0xFE,0x00,0x01,0xFF,0x00,0x01,0xFE,0x00,
  0x01,0xFE,0x00,0x01,0xFE,0x00,0x03,0xFE,0x00,0x01,0xFE,0x00,0x03,0xFE,0x00,0x01,
  0xFE,0x00,0x07,0xFC,0x00,0x01,0xFE,0x00,0x0F,0xFC,0x00,0x01,0xFF,0x00,0xFF,0xFF,
  0xFF,0xFF,0xFF,0xF8,0xFF,0xFF,0xFF,0xFF,0xFF,0xF8,0xFF,0xFF,0xFF,0xFF,0xFF,0xF8,
  0xFF,0xFF,0xFF,0xFF,0xFF,0xF8,0xFF,0xFF,0xFF,0xFF,0xFF,0xF8,0xFF,0xFF,0xFF,0xFF,
  0xFF,0xF8,0xFF,0x00,0x00,0x00,0x0F,0xF8,0xFF,0x00,0x00,0x00,0x0F,0xF8,0xFF,0x00,
  0x00,0x00,0x0F,0xF8,0xFF,0x00,0x00,0x00,0x0F,0xF8,0xFF,0x00,0x00,0x00,0x0F,0xF8,
  0xFF,0x00,0x00,0x00,0x0F,0xF8,0xFF,0x00,0x00,0x00,0x0F,0xF8,0xFF,0x00,0x00,0x00,
  0x0F,0xF8,0xFF,0x00,0x00,0x00,0x0F,0xF8,0xFF,0x00,0x00,0x00,0x07,0xF0,0x7F,0xFF,
  0xFF,0xF0,0x7F,0xFF,0xFF,0xF0,0x7F,0xFF,0xFF,0xF0,0x7F,0xFF,0xFF,0xF0,0x7F,0xFF,
  0xFF,0xF0,0x7F,0xFF,0xFF,0xF0,0x7F,0x80,0x00,0x00,0x7F,0x80,0x00,0x00,0x7F,0x80,
  0x00,0x00,0x7F,0x80,0x00,0x00,0x7F,0x80,0x00,0x00,0x7F,0x80,0x00,0x00,0x7F,0x80,
  0x00,0x00,0x7F,0x80,0x00,0x00,0x7F,0x80,0x00,0x00,0x7F,0x80,0x00,0x00,0x7F,0x80,
  0x00,0x00,0x7F,0xFF,0xFF,0xE0,0x7F,0xFF,0xFF,0xE0,0x7F,0xFF,0xFF,0xE0,0x7F,0xFF,
  0xFF,0xE0,0x7F,0xFF,0xFF,0xE0,0x7F,0xFF,0xFF,0xE0,0x7F,0x80,0x00,0x00,0x7F,0x80,
  0x00,0x00,0x7F,0x80,0x00,0x00,0x7F,0x80,0x00,0x00,0x7F,0x80,0x00,0x00,0x7F,0x80,
  0x00,0x00,0x7F,0x80,0x00,0x00,0x7F,0x80,0x00,0x00,0x7F,0x80,0x00,0x00,0x7F,0x80,
  0x00,0x00,0x7F,0x80,0x00,0x00,0x7F,0x80,0x00,0x00,0x7F,0xFF,0xFF,0xF0,0x7F,0xFF,
  0xFF,0xF0,0x7F,0xFF,0xFF,0xF0,0x7F,0xFF,0xFF,0xF0,0x7F,0xFF,0xFF,0xF0,0x7F,0xFF,
  0xFF,0xF0,0x7F,0xF0,0x00,0x7F,0x80,0x03,0xFF,0x80,0x3F,0xF0,0x00,0x7F,0x80,0x03,
  0xFF,0x00,0x1F,0xF8,0x00,0x7F,0x80,0x07,0xFE,0x00,0x1F,0xF8,0x00,0x7F,0x80,0x07,
  0xFE,0x00,0x0F,0xFC,0x00,0x7F,0x80,0x0F,0xFC,0x00,0x0F,0xFC,0x00,0x7F,0x80,0x0F,
  0xF8,0x00,0x07,0xFE,0x00,0x7F,0x80,0x1F,0xF8,0x00,0x03,0xFE,0x00,0x7F,0x80,0x1F,
  0xF0,0x00,0x03,0xFF,0x00,0x7F,0x80,0x3F,0xF0,0x00,0x01,0xFF,0x00,0x7F,0x80,0x3F,
  0xE0,0x00,0x00,0xFF,0x80,0x7F,0x80,0x7F,0xC0,0x00,0x00,0xFF,0x80,0x7F,0x80,0x7F,
  0xC0,0x00,0x00,0x7F,0xC0,0x7F,0x80,0xFF,0x80,0x00,0x00,0x7F,0xC0,0x7F,0x80,0xFF,
  0x80,0x00,0x00,0x3F,0xE0,0x7F,0x81,0xFF,0x00,0x00,0x00,0x1F,0xE0,0x7F,0x81,0xFE,
  0x00,0x00,0x00,0x1F,0xF0,0x7F,0x83,0xFE,0x00,0x00,0x00,0x0F,0xF8,0xFF,0x87,0xFC,
  0x00,0x00,0x00,0x07,0xFF,0xFF,0xFF,0xF8,0x00,0x00,0x00,0x07,0xFF,0xFF,0xFF,0xF8,
  0x00,0x00,0x00,0x07,0xFF,0xFF,0xFF,0xFC,0x00,0x00,0x00,0x0F,0xFF,0xFF,0xFF,0xFC,
  0x00,0x00,0x00,0x1F,0xFF,0xFF,0xFF,0xFE,0x00,0x00,0x00,0x1F,0xFF,0xFF,0xFF,0xFE,
  0x00,0x00,0x00,0x3F,0xE0,0x7F,0x81,0xFF,0x00,0x00,0x00,0x3F,0xC0,0x7F,0x81,0xFF,
  0x00,0x00,0x00,0x7F,0xC0,0x7F,0x80,0xFF,0x80,0x00,0x00,0xFF,0x80,0x7F,0x80,0xFF,
  0xC0,0x00,0x00,0xFF,0x80,0x7F,0x80,0x7F,0xC0,0x00,0x01,0xFF,0x00,0x7F,0x80,0x3F,
  0xE0,0x00,0x01,0xFF,0x00,0x7F,0x80,0x3F,0xE0,0x00,0x03,0xFE,0x00,0x7F,0x80,0x1F,
  0xF0,0x00,0x07,0xFE,0x00,0x7F,0x80,0x1F,0xF0,0x00,0x07,0xFC,0x00,0x7F,0x80,0x0F,
  0xF8,0x00,0x0F,0xFC,0x00,0x7F,0x80,0x0F,0xFC,0x00,0x0F,0xF8,0x00,0x7F,0x80,0x07,
  0xFC,0x00,0x1F,0xF8,0x00,0x7F,0x80,0x07,0xFE,0x00,0x3F,0xF0,0x00,0x7F,0x80,0x03,
  0xFE,0x00,0x3F,0xF0,0x00,0x7F,0x80,0x03,0xFF,0x00,0x7F,0xE0,0x00,0x7F,0x80,0x01,
  0xFF,0x80,0x7F,0xC0,0x00,0x7F,0x80,0x01,0xFF,0x80,0x00,0x00,0x00,0x00,0x00,0x3F,
  0xFC,0x00,0x00,0xFF,0xFF,0x00,0x03,0xFF,0xFF,0xC0,0x07,0xFF,0xFF,0xE0,0x0F,0xFF,
  0xFF,0xF0,0x1F,0xFF,0xFF,0xF8,0x1F,0xF8,0x1F,0xF8,0x3F,0xE0,0x0F,0xF8,0x3F,0xC0,
  0x07,0xFC,0x3F,0xC0,0x03,0xFC,0x3F,0xC0,0x03,0xFC,0x00,0x00,0x03,0xFC,0x00,0x00,
  0x03,0xFC,0x00,0x00,0x03,0xFC,0x00,0x00,0x07,0xF8,0x00,0x00,0x0F,0xF8,0x00,0x00,
  0x3F,0xF0,0x00,0x0F,0xFF,0xE0,0x00,0x0F,0xFF,0xC0,0x00,0x0F,0xFF,0x00,0x00,0x0F,
  0xFF,0x00,0x00,0x0F,0xFF,0xE0,0x00,0x0F,0xFF,0xF0,0x00,0x00,0xFF,0xF8,0x00,0x00,
  0x0F,0xFC,0x00,0x00,0x07,0xFE,0x00,0x00,0x03,0xFE,0x00,0x00,0x01,0xFE,0x00,0x00,
  0x01,0xFE,0x00,0x00,0x01,0xFF,0x7F,0x80,0x01,0xFF,0x7F,0x80,0x03,0xFE,0x7F,0xC0,
  0x03,0xFE,0x7F,0xE0,0x07,0xFE,0x3F,0xF8,0x1F,0xFC,0x3F,0xFF,0xFF,0xFC,0x1F,0xFF,
  0xFF,0xF8,0x0F,0xFF,0xFF,0xF0,0x07,0xFF,0xFF,0xE0,0x01,0xFF,0xFF,0x80,0x00,0x7F,
  0xFE,0x00,0x00,0x00,0x00,0x00,0x7F,0x80,0x00,0x3F,0xF0,0x7F,0x80,0x00,0x3F,0xF0,
  0x7F,0x80,0x00,0x7F,0xF0,0x7F,0x80,0x00,0x7F,0xF0,0x7F,0x80,0x00,0xFF,0xF0,0x7F,
  0x80,0x01,0xFF,0xF0,0x7F,0x80,0x01,0xFF,0xF0,0x7F,0x80,0x03,0xFF,0xF0,0x7F,0x80,
  0x07,0xFF,0xF0,0x7F,0x80,0x07,0xFF,0xF0,0x7F,0x80,0x0F,0xFF,0xF0,0x7F,0x80,0x0F,
  0xFF,0xF0,0x7F,0x80,0x1F,0xEF,0xF0,0x7F,0x80,0x3F,0xEF,0xF0,0x7F,0x80,0x3F,0xCF,
  0xF0,0x7F,0x80,0x7F,0xCF,0xF0,0x7F,0x80,0xFF,0x8F,0xF0,0x7F,0x80,0xFF,0x0F,0xF0,
  0x7F,0x81,0xFF,0x0F,0xF0,0x7F,0x81,0xFE,0x0F,0xF0,0x7F,0x83,0xFE,0x1F,0xF0,0x7F,
  0x87,0xFC,0x1F,0xF0,0x7F,0x87,0xFC,0x1F,0xF0,0x7F,0x8F,0xF8,0x1F,0xF0,0x7F,0x8F,
  0xF0,0x1F,0xF0,0x7F,0x9F,0xF0,0x1F,0xF0,0x7F,0x9F,0xE0,0x1F,0xF0,0x7F,0xBF,0xC0,
  0x1F,0xF0,0x7F,0xBF,0xC0,0x1F,0xF0,0x7F,0xFF,0x80,0x1F,0xF0,0x7F,0xFF,0x80,0x1F,
  0xF0,0x7F,0xFF,0x00,0x1F,0xF0,0x7F,0xFE,0x00,0x1F,0xF0,0x7F,0xFE,0x00,0x1F,0xF0,
  0x7F,0xFC,0x00,0x1F,0xF0,0x7F,0xF8,0x00,0x1F,0xF0,0x7F,0xF8,0x00,0x1F,0xF0,0x7F,
  0xF0,0x00,0x1F,0xF0,0x7F,0xF0,0x00,0x1F,0xF0,0x7F,0xE0,0x00,0x1F,0xF0,0x7F,0xC0,
  0x00,0x1F,0xF0,0x00,0x78,0x01,0xE0,0x00,0x00,0xF8,0x03,0xE0,0x00,0x00,0xF8,0x03,
  0xE0,0x00,0x00,0x7C,0x07,0xC0,0x00,0x00,0x7E,0x0F,0xC0,0x00,0x00,0x3F,0xFF,0x80,
  0x00,0x00,0x1F,0xFF,0x00,0x00,0x00,0x0F,0xFE,0x00,0x00,0x00,0x03,0xF8,0x00,0x00,
  0x00,0x00,0x00,0x00,0x00,0x00,0x00,0x00,0x00,0x00,0x00,0x00,0x00,0x00,0x00,0x7F,
  0x80,0x00,0x3F,0xF0,0x7F,0x80,0x00,0x3F,0xF0,0x7F,0x80,0x00,0x7F,0xF0,0x7F,0x80,
  0x00,0x7F,0xF0,0x7F,0x80,0x00,0xFF,0xF0,0x7F,0x80,0x01,0xFF,0xF0,0x7F,0x80,0x01,
  0xFF,0xF0,0x7F,0x80,0x03,0xFF,0xF0,0x7F,0x80,0x07,0xFF,0xF0,0x7F,0x80,0x07,0xFF,
  0xF0,0x7F,0x80,0x0F,0xFF,0xF0,0x7F,0x80,0x0F,0xFF,0xF0,0x7F,0x80,0x1F,0xEF,0xF0,
  0x7F,0x80,0x3F,0xEF,0xF0,0x7F,0x80,0x3F,0xCF,0xF0,0x7F,0x80,0x7F,0xCF,0xF0,0x7F,
  0x80,0xFF,0x8F,0xF0,0x7F,0x80,0xFF,0x0F,0xF0,0x7F,0x81,0xFF,0x0F,0xF0,0x7F,0x81,
  0xFE,0x0F,0xF0,0x7F,0x83,0xFE,0x1F,0xF0,0x7F,0x87,0xFC,0x1F,0xF0,0x7F,0x87,0xFC,
  0x1F,0xF0,0x7F,0x8F,0xF8,0x1F,0xF0,0x7F,0x8F,0xF0,0x1F,0xF0,0x7F,0x9F,0xF0,0x1F,
  0xF0,0x7F,0x9F,0xE0,0x1F,0xF0,0x7F,0xBF,0xC0,0x1F,0xF0,0x7F,0xBF,0xC0,0x1F,0xF0,
  0x7F,0xFF,0x80,0x1F,0xF0,0x7F,0xFF,0x80,0x1F,0xF0,0x7F,0xFF,0x00,0x1F,0xF0,0x7F,
  0xFE,0x00,0x1F,0xF0,0x7F,0xFE,0x00,0x1F,0xF0,0x7F,0xFC,0x00,0x1F,0xF0,0x7F,0xF8,
  0x00,0x1F,0xF0,0x7F,0xF8,0x00,0x1F,0xF0,0x7F,0xF0,0x00,0x1F,0xF0,0x7F,0xF0,0x00,
  0x1F,0xF0,0x7F,0xE0,0x00,0x1F,0xF0,0x7F,0xC0,0x00,0x1F,0xF0,0x7F,0x80,0x00,0x7F,
  0xE0,0x7F,0x80,0x00,0xFF,0xC0,0x7F,0x80,0x00,0xFF,0x80,0x7F,0x80,0x01,0xFF,0x80,
  0x7F,0x80,0x03,0xFF,0x00,0x7F,0x80,0x03,0xFE,0x00,0x7F,0x80,0x07,0xFE,0x00,0x7F,
  0x80,0x0F,0xFC,0x00,0x7F,0x80,0x0F,0xF8,0x00,0x7F,0x80,0x1F,0xF0,0x00,0x7F,0x80,
  0x3F,0xF0,0x00,0x7F,0x80,0x7F,0xE0,0x00,0x7F,0x80,0x7F,0xC0,0x00,0x7F,0x80,0xFF,
  0x80,0x00,0x7F,0x81,0xFF,0x80,0x00,0x7F,0x81,0xFF,0x00,0x00,0x7F,0x83,0xFE,0x00,
  0x00,0x7F,0xFF,0xFE,0x00,0x00,0x7F,0xFF,0xFC,0x00,0x00,0x7F,0xFF,0xF8,0x00,0x00,
  0x7F,0xFF,0xF8,0x00,0x00,0x7F,0xFF,0xFC,0x00,0x00,0x7F,0xFF,0xFC,0x00,0x00,0x7F,
  0x87,0xFE,0x00,0x00,0x7F,0x83,0xFF,0x00,0x00,0x7F,0x81,0xFF,0x80,0x00,0x7F,0x80,
  0xFF,0x80,0x00,0x7F,0x80,0x7F,0xC0,0x00,0x7F,0x80,0x7F,0xE0,0x00,0x7F,0x80,0x3F,
  0xF0,0x00,0x7F,0x80,0x1F,0xF0,0x00,0x7F,0x80,0x1F,0xF8,0x00,0x7F,0x80,0x0F,0xFC,
  0x00,0x7F,0x80,0x07,0xFC,0x00,0x7F,0x80,0x07,0xFE,0x00,0x7F,0x80,0x03,0xFF,0x00,
  0x7F,0x80,0x01,0xFF,0x80,0x7F,0x80,0x00,0xFF,0x80,0x7F,0x80,0x00,0xFF,0xC0,0x7F,
  0x80,0x00,0x7F,0xE0,0x7F,0x80,0x00,0x3F,0xF0,0x00,0x7F,0xFF,0xFF,0xF0,0x00,0x7F,
  0xFF,0xFF,0xF0,0x00,0x7F,0xFF,0xFF,0xF0,0x00,0xFF,0xFF,0xFF,0xF0,0x00,0xFF,0xFF,
  0xFF,0xF0,0x00,0xFF,0xFF,0xFF,0xF0,0x00,0xFF,0x80,0x0F,0xF0,0x00,0xFF,0x00,0x0F,
  0xF0,0x00,0xFF,0x00,0x0F,0xF0,0x00,0xFF,0x00,0x0F,0xF0,0x00,0xFF,0x00,0x0F,0xF0,
  0x00,0xFF,0x00,0x0F,0xF0,0x00,0xFF,0x00,0x0F,0xF0,0x00,0xFF,0x00,0x0F,0xF0,0x00,
  0xFF,0x00,0x0F,0xF0,0x00,0xFF,0x00,0x0F,0xF0,0x01,0xFE,0x00,0x0F,0xF0,0x01,0xFE,
  0x00,0x0F,0xF0,0x01,0xFE,0x00,0x0F,0xF0,0x01,0xFE,0x00,0x0F,0xF0,0x01,0xFE,0x00,
  0x0F,0xF0,0x01,0xFE,0x00,0x0F,0xF0,0x01,0xFE,0x00,0x0F,0xF0,0x01,0xFE,0x00,0x0F,
  0xF0,0x01,0xFE,0x00,0x0F,0xF0,0x01,0xFE,0x00,0x0F,0xF0,0x01,0xFE,0x00,0x0F,0xF0,
  0x03,0xFC,0x00,0x0F,0xF0,0x03,0xFC,0x00,0x0F,0xF0,0x03,0xFC,0x00,0x0F,0xF0,0x03,
  0xFC,0x00,0x0F,0xF0,0x07,0xFC,0x00,0x0F,0xF0,0x07,0xF8,0x00,0x0F,0xF0,0x0F,0xF8,
  0x00,0x0F,0xF0,0x3F,0xF8,0x00,0x0F,0xF0,0xFF,0xF0,0x00,0x0F,0xF0,0xFF,0xE0,0x00,
  0x0F,0xF0,0xFF,0xE0,0x00,0x0F,0xF0,0xFF,0xC0,0x00,0x0F,0xF0,0xFF,0x00,0x00,0x0F,
  0xF0,0xFC,0x00,0x00,0x0F,0xF0,0x7F,0xFC,0x00,0x00,0xFF,0xFC,0x7F,0xFC,0x00,0x00,
  0xFF,0xFC,0x7F,0xFC,0x00,0x00,0xFF,0xFC,0x7F,0xFE,0x00,0x01,0xFF,0xFC,0x7F,0xFE,
  0x00,0x01,0xFF,0xFC,0x7F,0xFE,0x00,0x01,0xFF,0xFC,0x7F,0xFF,0x00,0x03,0xFF,0xFC,
  0x7F,0xFF,0x00,0x03,0xFF,0xFC,0x7F,0xFF,0x00,0x03,0xFF,0xFC,0x7F,0xFF,0x80,0x07,
  0xFF,0xFC,0x7F,0xFF,0x80,0x07,0xFF,0xFC,0x7F,0xBF,0xC0,0x07,0xF7,0xFC,0x7F,0xBF,
  0xC0,0x0F,0xF7,0xFC,0x7F,0xBF,0xC0,0x0F,0xF7,0xFC,0x7F,0x9F,0xE0,0x0F,0xF7,0xFC,
  0x7F,0x9F,0xE0,0x1F,0xE7,0xFC,0x7F,0x9F,0xE0,0x1F,0xE7,0xFC,0x7F,0x9F,0xF0,0x1F,
  0xE7,0xFC,0x7F,0x8F,0xF0,0x3F,0xC7,0xFC,0x7F,0x8F,0xF0,0x3F,0xC7,0xFC,0x7F,0x8F,
  0xF8,0x3F,0xC7,0xFC,0x7F,0x87,0xF8,0x7F,0x87,0xFC,0x7F,0x87,0xF8,0x7F,0x87,0xFC,
  0x7F,0x87,0xF8,0x7F,0x87,0xFC,0x7F,0x83,0xFC,0x7F,0x07,0xFC,0x7F,0x83,0xFC,0xFF,
  0x07,0xFC,0x7F,0x83,0xFC,0xFF,0x07,0xFC,0x7F,0x81,0xFC,0xFE,0x07,0xFC,0x7F,0x81,
  0xFC,0xFE,0x07,0xFC,0x7F,0x81,0xFE,0xFE,0x07,0xFC,0x7F,0x80,0xFF,0xFC,0x07,0xFC,
  0x7F,0x80,0xFF,0xFC,0x07,0xFC,0x7F,0x80,0x7F,0xFC,0x07,0xFC,0x7F,0x80,0x7F,0xF8,
  0x07,0xFC,0x7F,0x80,0x7F,0xF8,0x07,0xFC,0x7F,0x80,0x3F,0xF8,0x07,0xFC,0x7F,0x80,
  0x3F,0xF0,0x07,0xFC,0x7F,0x80,0x3F,0xF0,0x07,0xFC,0x7F,0x80,0x1F,0xE0,0x07,0xFC,
  0x7F,0x80,0x1F,0xE0,0x07,0xFC,0x7F,0x80,0x1F,0xE0,0x07,0xFC,0x7F,0x80,0x00,0x1F,
  0xE0,0x7F,0x80,0x00,0x1F,0xE0,0x7F,0x80,0x00,0x1F,0xE0,0x7F,0x80,0x00,0x1F,0xE0,
  0x7F,0x80,0x00,0x1F,0xE0,0x7F,0x80,0x00,0x1F,0xE0,0x7F,0x80,0x00,0x1F,0xE0,0x7F,
  0x80,0x00,0x1F,0xE0,0x7F,0x80,0x00,0x1F,0xE0,0x7F,0x80,0x00,0x1F,0xE0,0x7F,0x80,
  0x00,0x1F,0xE0,0x7F,0x80,0x00,0x1F,0xE0,0x7F,0x80,0x00,0x1F,0xE0,0x7F,0x80,0x00,
  0x1F,0xE0,0x7F,0x80,0x00,0x1F,0xE0,0x7F,0x80,0x00,0x1F,0xE0,0x7F,0x80,0x00,0x1F,
  0xE0,0x7F,0xFF,0xFF,0xFF,0xE0,0x7F,0xFF,0xFF,0xFF,0xE0,0x7F,0xFF,0xFF,0xFF,0xE0,
  0x7F,0xFF,0xFF,0xFF,0xE0,0x7F,0xFF,0xFF,0xFF,0xE0,0x7F,0xFF,0xFF,0xFF,0xE0,0x7F,
  0x80,0x00,0x3F,0xE0,0x7F,0x80,0x00,0x1F,0xE0,0x7F,0x80,0x00,0x1F,0xE0,0x7F,0x80,
  0x00,0x1F,0xE0,0x7F,0x80,0x00,0x1F,0xE0,0x7F,0x80,0x00,0x1F,0xE0,0x7F,0x80,0x00,
  0x1F,0xE0,0x7F,0x80,0x00,0x1F,0xE0,0x7F,0x80,0x00,0x1F,0xE0,0x7F,0x80,0x00,0x1F,
  0xE0,0x7F,0x80,0x00,0x1F,0xE0,0x7F,0x80,0x00,0x1F,0xE0,0x7F,0x80,0x00,0x1F,0xE0,
  0x7F,0x80,0x00,0x1F,0xE0,0x7F,0x80,0x00,0x1F,0xE0,0x7F,0x80,0x00,0x1F,0xE0,0x7F,
  0x80,0x00,0x1F,0xE0,0x7F,0x80,0x00,0x1F,0xE0,0x00,0x00,0x00,0x00,0x00,0x00,0x07,
  0xFF,0xC0,0x00,0x00,0x1F,0xFF,0xF0,0x00,0x00,0x7F,0xFF,0xFC,0x00,0x00,0xFF,0xFF,
  0xFE,0x00,0x01,0xFF,0xFF,0xFF,0x80,0x03,0xFF,0xFF,0xFF,0xC0,0x07,0xFF,0xFF,0xFF,
  0xC0,0x0F,0xFE,0x00,0xFF,0xE0,0x1F,0xFC,0x00,0x3F,0xF0,0x1F,0xF8,0x00,0x1F,0xF0,
  0x3F,0xF0,0x00,0x1F,0xF8,0x3F,0xE0,0x00,0x0F,0xF8,0x3F,0xE0,0x00,0x07,0xF8,0x7F,
  0xC0,0x00,0x07,0xFC,0x7F,0xC0,0x00,0x07,0xFC,0x7F,0xC0,0x00,0x03,0xFC,0x7F,0x80,
  0x00,0x03,0xFC,0x7F,0x80,0x00,0x03,0xFC,0x7F,0x80,0x00,0x03,0xFC,0x7F,0x80,0x00,
  0x03,0xFE,0x7F,0x80,0x00,0x03,0xFE,0x7F,0x80,0x00,0x03,0xFE,0x7F,0x80,0x00,0x03,
  0xFC,0x7F,0x80,0x00,0x03,0xFC,0x7F,0x80,0x00,0x03,0xFC,0x7F,0xC0,0x00,0x03,0xFC,
  0x7F,0xC0,0x00,0x07,0xFC,0x7F,0xC0,0x00,0x07,0xFC,0x3F,0xE0,0x00,0x07,0xF8,0x3F,
  0xE0,0x00,0x0F,0xF8,0x3F,0xF0,0x00,0x1F,0xF8,0x1F,0xF8,0x00,0x1F,0xF0,0x1F,0xFC,
  0x00,0x3F,0xF0,0x0F,0xFE,0x00,0xFF,0xE0,0x07,0xFF,0xFF,0xFF,0xC0,0x03,0xFF,0xFF,
  0xFF,0xC0,0x01,0xFF,0xFF,0xFF,0x80,0x00,0xFF,0xFF,0xFE,0x00,0x00,0x7F,0xFF,0xFC,
  0x00,0x00,0x1F,0xFF,0xF0,0x00,0x00,0x07,0xFF,0xC0,0x00,0x00,0x00,0x00,0x00,0x00,
  0x7F,0xFF,0xFF,0xFF,0xE0,0x7F,0xFF,0xFF,0xFF,0xE0,0x7F,0xFF,0xFF,0xFF,0xE0,0x7F,
  0xFF,0xFF,0xFF,0xE0,0x7F,0xFF,0xFF,0xFF,0xE0,0x7F,0xFF,0xFF,0xFF,0xE0,0x7F,0x80,
  0x00,0x3F,0xE0,0x7F,0x80,0x00,0x1F,0xE0,0x7F,0x80,0x00,0x1F,0xE0,0x7F,0x80,0x00,
  0x1F,0xE0,0x7F,0x80,0x00,0x1F,0xE0,0x7F,0x80,0x00,0x1F,0xE0,0x7F,0x80,0x00,0x1F,
  0xE0,0x7F,0x80,0x00,0x1F,0xE0,0x7F,0x80,0x00,0x1F,0xE0,0x7F,0x80,0x00,0x1F,0xE0,
  0x7F,0x80,0x00,0x1F,0xE0,0x7F,0x80,0x00,0x1F,0xE0,0x7F,0x80,0x00,0x1F,0xE0,0x7F,
  0x80,0x00,0x1F,0xE0,0x7F,0x80,0x00,0x1F,0xE0,0x7F,0x80,0x00,0x1F,0xE0,0x7F,0x80,
  0x00,0x1F,0xE0,0x7F,0x80,0x00,0x1F,0xE0,0x7F,0x80,0x00,0x1F,0xE0,0x7F,0x80,0x00,
  0x1F,0xE0,0x7F,0x80,0x00,0x1F,0xE0,0x7F,0x80,0x00,0x1F,0xE0,0x7F,0x80,0x00,0x1F,
  0xE0,0x7F,0x80,0x00,0x1F,0xE0,0x7F,0x80,0x00,0x1F,0xE0,0x7F,0x80,0x00,0x1F,0xE0,
  0x7F,0x80,0x00,0x1F,0xE0,0x7F,0x80,0x00,0x1F,0xE0,0x7F,0x80,0x00,0x1F,0xE0,0x7F,
  0x80,0x00,0x1F,0xE0,0x7F,0x80,0x00,0x1F,0xE0,0x7F,0x80,0x00,0x1F,0xE0,0x7F,0x80,
  0x00,0x1F,0xE0,0x7F,0x80,0x00,0x1F,0xE0,0x7F,0x80,0x00,0x1F,0xE0,0x7F,0xFF,0xF8,
  0x00,0x7F,0xFF,0xFF,0x00,0x7F,0xFF,0xFF,0xC0,0x7F,0xFF,0xFF,0xE0,0x7F,0xFF,0xFF,
  0xF0,0x7F,0xFF,0xFF,0xF8,0x7F,0x80,0xFF,0xF8,0x7F,0x80,0x1F,0xFC,0x7F,0x80,0x07,
  0xFC,0x7F,0x80,0x07,0xFE,0x7F,0x80,0x03,0xFE,0x7F,0x80,0x03,0xFE,0x7F,0x80,0x03,
  0xFE,0x7F,0x80,0x01,0xFE,0x7F,0x80,0x03,0xFE,0x7F,0x80,0x03,0xFE,0x7F,0x80,0x03,
  0xFE,0x7F,0x80,0x03,0xFE,0x7F,0x80,0x07,0xFC,0x7F,0x80,0x0F,0xFC,0x7F,0x80,0x3F,
  0xFC,0x7F,0xFF,0xFF,0xF8,0x7F,0xFF,0xFF,0xF0,0x7F,0xFF,0xFF,0xE0,0x7F,0xFF,0xFF,
  0xC0,0x7F,0xFF,0xFF,0x80,0x7F,0xFF,0xFE,0x00,0x7F,0x80,0x00,0x00,0x7F,0x80,0x00,
  0x00,0x7F,0x80,0x00,0x00,0x7F,0x80,0x00,0x00,0x7F,0x80,0x00,0x00,0x7F,0x80,0x00,
  0x00,0x7F,0x80,0x00,0x00,0x7F,0x80,0x00,0x00,0x7F,0x80,0x00,0x00,0x7F,0x80,0x00,
  0x00,0x7F,0x80,0x00,0x00,0x7F,0x80,0x00,0x00,0x7F,0x80,0x00,0x00,0x7F,0x80,0x00,
  0x00,0x00,0x00,0x00,0x00,0x00,0x00,0x07,0xFF,0xC0,0x00,0x00,0x1F,0xFF,0xF0,0x00,
  0x00,0x7F,0xFF,0xFC,0x00,0x00,0xFF,0xFF,0xFF,0x00,0x01,0xFF,0xFF,0xFF,0x80,0x03,
  0xFF,0xFF,0xFF,0xC0,0x07,0xFF,0xFF,0xFF,0xC0,0x0F,0xFE,0x00,0xFF,0xE0,0x1F,0xFC,
  0x00,0x3F,0xE0,0x1F,0xF8,0x00,0x1F,0xF0,0x3F,0xF0,0x00,0x1F,0xF0,0x3F,0xE0,0x00,
  0x0F,0xF8,0x3F,0xE0,0x00,0x0F,0xF8,0x7F,0xC0,0x00,0x07,0xF8,0x7F,0xC0,0x00,0x00,
  0x00,0x7F,0xC0,0x00,0x00,0x00,0x7F,0x80,0x00,0x00,0x00,0x7F,0x80,0x00,0x00,0x00,
  0x7F,0x80,0x00,0x00,0x00,0x7F,0x80,0x00,0x00,0x00,0x7F,0x80,0x00,0x00,0x00,0x7F,
  0x80,0x00,0x00,0x00,0x7F,0x80,0x00,0x00,0x00,0x7F,0x80,0x00,0x00,0x00,0x7F,0x80,
  0x00,0x00,0x00,0x7F,0xC0,0x00,0x00,0x00,0x7F,0xC0,0x00,0x00,0x00,0x7F,0xC0,0x00,
  0x07,0xF8,0x3F,0xE0,0x00,0x0F,0xF8,0x3F,0xE0,0x00,0x0F,0xF8,0x3F,0xF0,0x00,0x1F,
  0xF0,0x1F,0xF8,0x00,0x1F,0xF0,0x1F,0xFC,0x00,0x3F,0xE0,0x0F,0xFE,0x00,0xFF,0xE0,
  0x07,0xFF,0xFF,0xFF,0xC0,0x03,0xFF,0xFF,0xFF,0x80,0x03,0xFF,0xFF,0xFF,0x00,0x00,
  0xFF,0xFF,0xFE,0x00,0x00,0x7F,0xFF,0xFC,0x00,0x00,0x1F,0xFF,0xF0,0x00,0x00,0x07,
  0xFF,0xC0,0x00,0x00,0x00,0x00,0x00,0x00,0xFF,0xFF,0xFF,0xFF,0x80,0xFF,0xFF,0xFF,
  0xFF,0x80,0xFF,0xFF,0xFF,0xFF,0x80,0xFF,0xFF,0xFF,0xFF,0x80,0xFF,0xFF,0xFF,0xFF,
  0x80,0xFF,0xFF,0xFF,0xFF,0x80,0x00,0x0F,0xF8,0x00,0x00,0x00,0x07,0xF8,0x00,0x00,
  0x00,0x07,0xF8,0x00,0x00,0x00,0x07,0xF8,0x00,0x00,0x00,0x07,0xF8,0x00,0x00,0x00,
  0x07,0xF8,0x00,0x00,0x00,0x07,0xF8,0x00,0x00,0x00,0x07,0xF8,0x00,0x00,0x00,0x07,
  0xF8,0x00,0x00,0x00,0x07,0xF8,0x00,0x00,0x00,0x07,0xF8,0x00,0x00,0x00,0x07,0xF8,
  0x00,0x00,0x00,0x07,0xF8,0x00,0x00,0x00,0x07,0xF8,0x00,0x00,0x00,0x07,0xF8,0x00,
  0x00,0x00,0x07,0xF8,0x00,0x00,0x00,0x07,0xF8,0x00,0x00,0x00,0x07,0xF8,0x00,0x00,
  0x00,0x07,0xF8,0x00,0x00,0x00,0x07,0xF8,0x00,0x00,0x00,0x07,0xF8,0x00,0x00,0x00,
  0x07,0xF8,0x00,0x00,0x00,0x07,0xF8,0x00,0x00,0x00,0x07,0xF8,0x00,0x00,0x00,0x07,
  0xF8,0x00,0x00,0x00,0x07,0xF8,0x00,0x00,0x00,0x07,0xF8,0x00,0x00,0x00,0x07,0xF8,
  0x00,0x00,0x00,0x07,0xF8,0x00,0x00,0x00,0x07,0xF8,0x00,0x00,0x00,0x07,0xF8,0x00,
  0x00,0x00,0x07,0xF8,0x00,0x00,0x00,0x07,0xF8,0x00,0x00,0x00,0x07,0xF8,0x00,0x00,
  0x00,0x07,0xF8,0x00,0x00,0x7F,0xC0,0x00,0x1F,0xF0,0x7F,0xE0,0x00,0x1F,0xF0,0x3F,
  0xE0,0x00,0x3F,0xE0,0x3F,0xF0,0x00,0x3F,0xE0,0x1F,0xF0,0x00,0x7F,0xE0,0x1F,0xF0,
  0x00,0x7F,0xC0,0x1F,0xF8,0x00,0x7F,0xC0,0x0F,0xF8,0x00,0xFF,0x80,0x0F,0xFC,0x00,
  0xFF,0x80,0x07,0xFC,0x01,0xFF,0x00,0x07,0xFE,0x01,0xFF,0x00,0x03,0xFE,0x01,0xFF,
  0x00,0x03,0xFE,0x03,0xFE,0x00,0x01,0xFF,0x03,0xFE,0x00,0x01,0xFF,0x07,0xFC,0x00,
  0x00,0xFF,0x87,0xFC,0x00,0x00,0xFF,0x87,0xF8,0x00,0x00,0x7F,0x8F,0xF8,0x00,0x00,
  0x7F,0xCF,0xF0,0x00,0x00,0x3F,0xCF,0xF0,0x00,0x00,0x3F,0xCF,0xF0,0x00,0x00,0x1F,
  0xDF,0xE0,0x00,0x00,0x1F,0xFF,0xE0,0x00,0x00,0x0F,0xFF,0xC0,0x00,0x00,0x0F,0xFF,
  0xC0,0x00,0x00,0x07,0xFF,0x80,0x00,0x00,0x07,0xFF,0x80,0x00,0x00,0x03,0xFF,0x00,
  0x00,0x00,0x03,0xFF,0x00,0x00,0x00,0x01,0xFF,0x00,0x00,0x00,0x01,0xFE,0x00,0x00,
  0x00,0x03,0xFE,0x00,0x00,0x00,0x03,0xFC,0x00,0x00,0x00,0x07,0xFC,0x00,0x00,0x03,
  0xFF,0xF8,0x00,0x00,0x03,0xFF,0xF8,0x00,0x00,0x03,0xFF,0xF0,0x00,0x00,0x03,0xFF,
  0xE0,0x00,0x00,0x03,0xFF,0xC0,0x00,0x00,0x03,0xFF,0x80,0x00,0x00,0x03,0xFE,0x00,
  0x00,0x00,0x00,0x00,0x7F,0xC0,0x00,0x00,0x00,0x00,0x7F,0xC0,0x00,0x00,0x00,0x00,
  0x7F,0xC0,0x00,0x00,0x00,0x00,0x7F,0xC0,0x00,0x00,0x00,0x00,0x7F,0xC0,0x00,0x00,
  0x00,0x00,0x7F,0xC0,0x00,0x00,0x00,0x07,0xFF,0xFC,0x00,0x00,0x00,0x3F,0xFF,0xFF,
  0x80,0x00,0x00,0xFF,0xFF,0xFF,0xE0,0x00,0x01,0xFF,0xFF,0xFF,0xF0,0x00,0x07,0xFF,
  0xFF,0xFF,0xF8,0x00,0x07,0xFF,0xFF,0xFF,0xFC,0x00,0x0F,0xFF,0xFF,0xFF,0xFE,0x00,
  0x1F,0xFC,0x7F,0xC7,0xFF,0x00,0x3F,0xF0,0x7F,0xC1,0xFF,0x00,0x3F,0xE0,0x7F,0xC0,
  0xFF,0x80,0x3F,0xC0,0x7F,0xC0,0xFF,0x80,0x7F,0xC0,0x7F,0xC0,0x7F,0x80,0x7F,0x80,
  0x7F,0xC0,0x7F,0xC0,0x7F,0x80,0x7F,0xC0,0x3F,0xC0,0x7F,0x80,0x7F,0xC0,0x3F,0xC0,
  0x7F,0x80,0x7F,0xC0,0x3F,0xC0,0x7F,0x80,0x7F,0xC0,0x3F,0xC0,0x7F,0x80,0x7F,0xC0,
  0x3F,0xC0,0x7F,0x80,0x7F,0xC0,0x3F,0xC0,0x7F,0x80,0x7F,0xC0,0x3F,0xC0,0x7F,0x80,
  0x7F,0xC0,0x3F,0xC0,0x7F,0x80,0x7F,0xC0,0x7F,0xC0,0x7F,0xC0,0x7F,0xC0,0x7F,0xC0,
  0x7F,0xC0,0x7F,0xC0,0x7F,0x80,0x3F,0xE0,0x7F,0xC0,0xFF,0x80,0x3F,0xF0,0x7F,0xC1,
  0xFF,0x80,0x1F,0xF8,0x7F,0xC3,0xFF,0x00,0x1F,0xFF,0x7F,0xDF,0xFE,0x00,0x0F,0xFF,
  0xFF,0xFF,0xFE,0x00,0x07,0xFF,0xFF,0xFF,0xFC,0x00,0x03,0xFF,0xFF,0xFF,0xF8,0x00,
  0x01,0xFF,0xFF,0xFF,0xE0,0x00,0x00,0x7F,0xFF,0xFF,0xC0,0x00,0x00,0x1F,0xFF,0xFE,
  0x00,0x00,0x00,0x01,0xFF,0xE0,0x00,0x00,0x00,0x00,0x7F,0xC0,0x00,0x00,0x00,0x00,
  0x7F,0xC0,0x00,0x00,0x00,0x00,0x7F,0xC0,0x00,0x00,0x00,0x00,0x7F,0xC0,0x00,0x00,
  0x00,0x00,0x7F,0xC0,0x00,0x00,0x3F,0xF0,0x00,0x0F,0xF8,0x1F,0xF0,0x00,0x1F,0xF8,
  0x1F,0xF8,0x00,0x1F,0xF0,0x0F,0xFC,0x00,0x3F,0xE0,0x07,0xFC,0x00,0x7F,0xE0,0x07,
  0xFE,0x00,0x7F,0xC0,0x03,0xFF,0x00,0xFF,0x80,0x01,0xFF,0x01,0xFF,0x80,0x01,0xFF,
  0x81,0xFF,0x00,0x00,0xFF,0x83,0xFE,0x00,0x00,0x7F,0xC3,0xFE,0x00,0x00,0x7F,0xC7,
  0xFC,0x00,0x00,0x3F,0xE7,0xF8,0x00,0x00,0x1F,0xEF,0xF8,0x00,0x00,0x1F,0xFF,0xF0,
  0x00,0x00,0x0F,0xFF,0xE0,0x00,0x00,0x07,0xFF,0xE0,0x00,0x00,0x07,0xFF,0xC0,0x00,
  0x00,0x03,0xFF,0x80,0x00,0x00,0x01,0xFF,0x80,0x00,0x00,0x01,0xFF,0x80,0x00,0x00,
  0x03,0xFF,0xC0,0x00,0x00,0x07,0xFF,0xC0,0x00,0x00,0x07,0xFF,0xE0,0x00,0x00,0x0F,
  0xFF,0xF0,0x00,0x00,0x1F,0xFF,0xF0,0x00,0x00,0x1F,0xFF,0xF8,0x00,0x00,0x3F,0xEF,
  0xFC,0x00,0x00,0x7F,0xC7,0xFC,0x00,0x00,0xFF,0xC3,0xFE,0x00,0x00,0xFF,0x83,0xFF,
  0x00,0x01,0xFF,0x81,0xFF,0x00,0x03,0xFF,0x01,0xFF,0x80,0x03,0xFE,0x00,0xFF,0xC0,
  0x07,0xFE,0x00,0x7F,0xE0,0x0F,0xFC,0x00,0x7F,0xE0,0x0F,0xF8,0x00,0x3F,0xF0,0x1F,
  0xF0,0x00,0x1F,0xF8,0x3F,0xF0,0x00,0x1F,0xF8,0x7F,0xE0,0x00,0x0F,0xFC,0x7F,0xC0,
  0x00,0x07,0xFE,0x7F,0x80,0x00,0x3F,0xC0,0x7F,0x80,0x00,0x3F,0xC0,0x7F,0x80,0x00,
  0x3F,0xC0,0x7F,0x80,0x00,0x3F,0xC0,0x7F,0x80,0x00,0x3F,0xC0,0x7F,0x80,0x00,0x3F,
  0xC0,0x7F,0x80,0x00,0x3F,0xC0,0x7F,0x80,0x00,0x3F,0xC0,0x7F,0x80,0x00,0x3F,0xC0,
  0x7F,0x80,0x00,0x3F,0xC0,0x7F,0x80,0x00,0x3F,0xC0,0x7F,0x80,0x00,0x3F,0xC0,0x7F,
  0x80,0x00,0x3F,0xC0,0x7F,0x80,0x00,0x3F,0xC0,0x7F,0x80,0x00,0x3F,0xC0,0x7F,0x80,
  0x00,0x3F,0xC0,0x7F,0x80,0x00,0x3F,0xC0,0x7F,0x80,0x00,0x3F,0xC0,0x7F,0x80,0x00,
  0x3F,0xC0,0x7F,0x80,0x00,0x3F,0xC0,0x7F,0x80,0x00,0x3F,0xC0,0x7F,0x80,0x00,0x3F,
  0xC0,0x7F,0x80,0x00,0x3F,0xC0,0x7F,0x80,0x00,0x3F,0xC0,0x7F,0x80,0x00,0x3F,0xC0,
  0x7F,0x80,0x00,0x3F,0xC0,0x7F,0x80,0x00,0x3F,0xC0,0x7F,0x80,0x00,0x3F,0xC0,0x7F,
  0x80,0x00,0x3F,0xC0,0x7F,0x80,0x00,0x3F,0xC0,0x7F,0x80,0x00,0x3F,0xC0,0x7F,0x80,
  0x00,0x3F,0xC0,0x7F,0x80,0x00,0x3F,0xC0,0x7F,0x80,0x00,0x3F,0xC0,0x7F,0x80,0x00,
  0x7F,0xE0,0x7F,0xFF,0xFF,0xFF,0xFC,0x7F,0xFF,0xFF,0xFF,0xFC,0x7F,0xFF,0xFF,0xFF,
  0xFC,0x7F,0xFF,0xFF,0xFF,0xFC,0x7F,0xFF,0xFF,0xFF,0xFC,0x7F,0xFF,0xFF,0xFF,0xFC,
  0x00,0x00,0x00,0x03,0xFC,0x00,0x00,0x00,0x03,0xFC,0x00,0x00,0x00,0x03,0xFC,0x00,
  0x00,0x00,0x03,0xFC,0x00,0x00,0x00,0x03,0xFC,0x00,0x00,0x00,0x03,0xFC,0x00,0x00,
  0x00,0x03,0xFC,0x00,0x00,0x00,0x03,0xFC,0x00,0x00,0x00,0x00,0x00,0xFF,0x80,0x00,
  0x7F,0x80,0xFF,0x80,0x00,0x7F,0x80,0xFF,0x80,0x00,0x7F,0x80,0xFF,0x80,0x00,0x7F,
  0x80,0xFF,0x80,0x00,0x7F,0x80,0xFF,0x80,0x00,0x7F,0x80,0xFF,0x80,0x00,0x7F,0x80,
  0xFF,0x80,0x00,0x7F,0x80,0xFF,0x80,0x00,0x7F,0x80,0xFF,0x80,0x00,0x7F,0x80,0xFF,
  0x80,0x00,0x7F,0x80,0xFF,0x80,0x00,0x7F,0x80,0x7F,0x80,0x00,0x7F,0x80,0x7F,0x80,
  0x00,0x7F,0x80,0x7F,0x80,0x00,0x7F,0x80,0x7F,0x80,0x00,0x7F,0x80,0x7F,0xC0,0x00,
  0x7F,0x80,0x7F,0xC0,0x00,0x7F,0x80,0x7F,0xE0,0x00,0xFF,0x80,0x3F,0xF8,0x07,0xFF,
  0x80,0x3F,0xFF,0xFF,0xFF,0x80,0x1F,0xFF,0xFF,0xFF,0x80,0x0F,0xFF,0xFF,0xFF,0x80,
  0x07,0xFF,0xFF,0xFF,0x80,0x03,0xFF,0xFE,0x7F,0x80,0x00,0x7F,0xF8,0x7F,0x80,0x00,
  0x00,0x00,0x7F,0x80,0x00,0x00,0x00,0x7F,0x80,0x00,0x00,0x00,0x7F,0x80,0x00,0x00,
  0x00,0x7F,0x80,0x00,0x00,0x00,0x7F,0x80,0x00,0x00,0x00,0x7F,0x80,0x00,0x00,0x00,
  0x7F,0x80,0x00,0x00,0x00,0x7F,0x80,0x00,0x00,0x00,0x7F,0x80,0x00,0x00,0x00,0x7F,
  0x80,0x00,0x00,0x00,0x7F,0x80,0x00,0x00,0x00,0x7F,0x80,0x00,0x00,0x00,0x7F,0x80,
  0x00,0x00,0x00,0x7F,0x80,0x00,0x00,0x00,0x7F,0x80,0x7F,0x80,0x07,0xF8,0x00,0xFF,
  0x80,0x7F,0x80,0x07,0xF8,0x00,0xFF,0x80,0x7F,0x80,0x07,0xF8,0x00,0xFF,0x80,0x7F,
  0x80,0x07,0xF8,0x00,0xFF,0x80,0x7F,0x80,0x07,0xF8,0x00,0xFF,0x80,0x7F,0x80,0x07,
  0xF8,0x00,0xFF,0x80,0x7F,0x80,0x07,0xF8,0x00,0xFF,0x80,0x7F,0x80,0x07,0xF8,0x00,
  0xFF,0x80,0x7F,0x80,0x07,0xF8,0x00,0xFF,0x80,0x7F,0x80,0x07,0xF8,0x00,0xFF,0x80,
  0x7F,0x80,0x07,0xF8,0x00,0xFF,0x80,0x7F,0x80,0x07,0xF8,0x00,0xFF,0x80,0x7F,0x80,
  0x07,0xF8,0x00,0xFF,0x80,0x7F,0x80,0x07,0xF8,0x00,0xFF,0x80,0x7F,0x80,0x07,0xF8,
  0x00,0xFF,0x80,0x7F,0x80,0x07,0xF8,0x00,0xFF,0x80,0x7F,0x80,0x07,0xF8,0x00,0xFF,
  0x80,0x7F,0x80,0x07,0xF8,0x00,0xFF,0x80,0x7F,0x80,0x07,0xF8,0x00,0xFF,0x80,0x7F,
  0x80,0x07,0xF8,0x00,0xFF,0x80,0x7F,0x80,0x07,0xF8,0x00,0xFF,0x80,0x7F,0x80,0x07,
  0xF8,0x00,0xFF,0x80,0x7F,0x80,0x07,0xF8,0x00,0xFF,0x80,0x7F,0x80,0x07,0xF8,0x00,
  0xFF,0x80,0x7F,0x80,0x07,0xF8,0x00,0xFF,0x80,0x7F,0x80,0x07,0xF8,0x00,0xFF,0x80,
  0x7F,0x80,0x07,0xF8,0x00,0xFF,0x80,0x7F,0x80,0x07,0xF8,0x00,0xFF,0x80,0x7F,0x80,
  0x07,0xF8,0x00,0xFF,0x80,0x7F,0x80,0x07,0xF8,0x00,0xFF,0x80,0x7F,0x80,0x07,0xF8,
  0x00,0xFF,0x80,0x7F,0x80,0x07,0xF8,0x00,0xFF,0x80,0x7F,0x80,0x07,0xF8,0x00,0xFF,
  0x80,0x7F,0x80,0x07,0xF8,0x00,0xFF,0x80,0x7F,0x80,0x0F,0xF8,0x00,0xFF,0x80,0x7F,
  0xFF,0xFF,0xFF,0xFF,0xFF,0x80,0x7F,0xFF,0xFF,0xFF,0xFF,0xFF,0x80,0x7F,0xFF,0xFF,
  0xFF,0xFF,0xFF,0x80,0x7F,0xFF,0xFF,0xFF,0xFF,0xFF,0x80,0x7F,0xFF,0xFF,0xFF,0xFF,
  0xFF,0x80,0x7F,0xFF,0xFF,0xFF,0xFF,0xFF,0x80,0x7F,0x80,0x07,0xF8,0x00,0xFF,0x80,
  0x7F,0x80,0x07,0xF8,0x00,0xFF,0x80,0x7F,0x80,0x07,0xF8,0x00,0xFF,0x80,0x7F,0x80,
  0x07,0xF8,0x00,0xFF,0x80,0x7F,0x80,0x07,0xF8,0x00,0xFF,0x80,0x7F,0x80,0x07,0xF8,
  0x00,0xFF,0x80,0x7F,0x80,0x07,0xF8,0x00,0xFF,0x80,0x7F,0x80,0x07,0xF8,0x00,0xFF,
  0x80,0x7F,0x80,0x07,0xF8,0x00,0xFF,0x80,0x7F,0x80,0x07,0xF8,0x00,0xFF,0x80,0x7F,
  0x80,0x07,0xF8,0x00,0xFF,0x80,0x7F,0x80,0x07,0xF8,0x00,0xFF,0x80,0x7F,0x80,0x07,
  0xF8,0x00,0xFF,0x80,0x7F,0x80,0x07,0xF8,0x00,0xFF,0x80,0x7F,0x80,0x07,0xF8,0x00,
  0xFF,0x80,0x7F,0x80,0x07,0xF8,0x00,0xFF,0x80,0x7F,0x80,0x07,0xF8,0x00,0xFF,0x80,
  0x7F,0x80,0x07,0xF8,0x00,0xFF,0x80,0x7F,0x80,0x07,0xF8,0x00,0xFF,0x80,0x7F,0x80,
  0x07,0xF8,0x00,0xFF,0x80,0x7F,0x80,0x07,0xF8,0x00,0xFF,0x80,0x7F,0x80,0x07,0xF8,
  0x00,0xFF,0x80,0x7F,0x80,0x07,0xF8,0x00,0xFF,0x80,0x7F,0x80,0x07,0xF8,0x00,0xFF,
  0x80,0x7F,0x80,0x07,0xF8,0x00,0xFF,0x80,0x7F,0x80,0x07,0xF8,0x00,0xFF,0x80,0x7F,
  0x80,0x07,0xF8,0x00,0xFF,0x80,0x7F,0x80,0x07,0xF8,0x00,0xFF,0x80,0x7F,0x80,0x07,
  0xF8,0x00,0xFF,0x80,0x7F,0x80,0x07,0xF8,0x00,0xFF,0x80,0x7F,0x80,0x07,0xF8,0x00,
  0xFF,0x80,0x7F,0x80,0x07,0xF8,0x00,0xFF,0x80,0x7F,0x80,0x07,0xF8,0x00,0xFF,0x80,
  0x7F,0x80,0x07,0xF8,0x00,0xFF,0x80,0x7F,0x80,0x0F,0xF8,0x00,0xFF,0x80,0x7F,0xFF,
  0xFF,0xFF,0xFF,0xFF,0xF8,0x7F,0xFF,0xFF,0xFF,0xFF,0xFF,0xF8,0x7F,0xFF,0xFF,0xFF,
  0xFF,0xFF,0xF8,0x7F,0xFF,0xFF,0xFF,0xFF,0xFF,0xF8,0x7F,0xFF,0xFF,0xFF,0xFF,0xFF,
  0xF8,0x7F,0xFF,0xFF,0xFF,0xFF,0xFF,0xF8,0x00,0x00,0x00,0x00,0x00,0x07,0xF8,0x00,
  0x00,0x00,0x00,0x00,0x07,0xF8,0x00,0x00,0x00,0x00,0x00,0x07,0xF8,0x00,0x00,0x00,
  0x00,0x00,0x07,0xF8,0x00,0x00,0x00,0x00,0x00,0x07,0xF8,0x00,0x00,0x00,0x00,0x00,
  0x07,0xF8,0x00,0x00,0x00,0x00,0x00,0x07,0xF8,0x00,0x00,0x00,0x00,0x00,0x07,0xF8,
  0x00,0x00,0x00,0x00,0x00,0x00,0x00,0xFF,0xFF,0xE0,0x00,0x00,0x00,0xFF,0xFF,0xE0,
  0x00,0x00,0x00,0xFF,0xFF,0xE0,0x00,0x00,0x00,0xFF,0xFF,0xE0,0x00,0x00,0x00,0xFF,
  0xFF,0xE0,0x00,0x00,0x00,0xFF,0xFF,0xE0,0x00,0x00,0x00,0x00,0x1F,0xE0,0x00,0x00,
  0x00,0x00,0x1F,0xE0,0x00,0x00,0x00,0x00,0x1F,0xE0,0x00,0x00,0x00,0x00,0x1F,0xE0,
  0x00,0x00,0x00,0x00,0x1F,0xE0,0x00,0x00,0x00,0x00,0x1F,0xE0,0x00,0x00,0x00,0x00,
  0x1F,0xE0,0x00,0x00,0x00,0x00,0x1F,0xE0,0x00,0x00,0x00,0x00,0x1F,0xF0,0x00,0x00,
  0x00,0x00,0x1F,0xFF,0xFF,0x80,0x00,0x00,0x1F,0xFF,0xFF,0xF0,0x00,0x00,0x1F,0xFF,
  0xFF,0xF8,0x00,0x00,0x1F,0xFF,0xFF,0xFC,0x00,0x00,0x1F,0xFF,0xFF,0xFE,0x00,0x00,
  0x1F,0xFF,0xFF,0xFF,0x00,0x00,0x1F,0xE0,0x03,0xFF,0x80,0x00,0x1F,0xE0,0x00,0xFF,
  0x80,0x00,0x1F,0xE0,0x00,0x7F,0xC0,0x00,0x1F,0xE0,0x00,0x7F,0xC0,0x00,0x1F,0xE0,
  0x00,0x3F,0xC0,0x00,0x1F,0xE0,0x00,0x3F,0xC0,0x00,0x1F,0xE0,0x00,0x3F,0xC0,0x00,
  0x1F,0xE0,0x00,0x3F,0xC0,0x00,0x1F,0xE0,0x00,0x3F,0xC0,0x00,0x1F,0xE0,0x00,0x7F,
  0xC0,0x00,0x1F,0xE0,0x00,0x7F,0xC0,0x00,0x1F,0xE0,0x00,0xFF,0x80,0x00,0x1F,0xE0,
  0x01,0xFF,0x80,0x00,0x1F,0xF0,0x1F,0xFF,0x00,0x00,0x1F,0xFF,0xFF,0xFF,0x00,0x00,
  0x1F,0xFF,0xFF,0xFE,0x00,0x00,0x1F,0xFF,0xFF,0xFC,0x00,0x00,0x1F,0xFF,0xFF,0xF8,
  0x00,0x00,0x1F,0xFF,0xFF,0xE0,0x00,0x00,0x1F,0xFF,0xFF,0x00,0x00,0x7F,0x80,0x00,
  0x00,0x0F,0xF8,0x7F,0x80,0x00,0x00,0x0F,0xF8,0x7F,0x80,0x00,0x00,0x0F,0xF8,0x7F,
  0x80,0x00,0x00,0x0F,0xF8,0x7F,0x80,0x00,0x00,0x0F,0xF8,0x7F,0x80,0x00,0x00,0x0F,
  0xF8,0x7F,0x80,0x00,0x00,0x0F,0xF8,0x7F,0x80,0x00,0x00,0x0F,0xF8,0x7F,0x80,0x00,
  0x00,0x0F,0xF8,0x7F,0x80,0x00,0x00,0x0F,0xF8,0x7F,0x80,0x00,0x00,0x0F,0xF8,0x7F,
  0x80,0x00,0x00,0x0F,0xF8,0x7F,0x80,0x00,0x00,0x0F,0xF8,0x7F,0x80,0x00,0x00,0x0F,
  0xF8,0x7F,0x80,0x00,0x00,0x0F,0xF8,0x7F,0xFF,0xFE,0x00,0x0F,0xF8,0x7F,0xFF,0xFF,
  0x80,0x0F,0xF8,0x7F,0xFF,0xFF,0xE0,0x0F,0xF8,0x7F,0xFF,0xFF,0xF0,0x0F,0xF8,0x7F,
  0xFF,0xFF,0xF8,0x0F,0xF8,0x7F,0xFF,0xFF,0xFC,0x0F,0xF8,0x7F,0x80,0x1F,0xFC,0x0F,
  0xF8,0x7F,0x80,0x07,0xFE,0x0F,0xF8,0x7F,0x80,0x03,0xFE,0x0F,0xF8,0x7F,0x80,0x01,
  0xFF,0x0F,0xF8,0x7F,0x80,0x01,0xFF,0x0F,0xF8,0x7F,0x80,0x01,0xFF,0x0F,0xF8,0x7F,
  0x80,0x00,0xFF,0x0F,0xF8,0x7F,0x80,0x00,0xFF,0x0F,0xF8,0x7F,0x80,0x01,0xFF,0x0F,
  0xF8,0x7F,0x80,0x01,0xFF,0x0F,0xF8,0x7F,0x80,0x01,0xFE,0x0F,0xF8,0x7F,0x80,0x03,
  0xFE,0x0F,0xF8,0x7F,0x80,0x07,0xFE,0x0F,0xF8,0x7F,0x80,0x7F,0xFC,0x0F,0xF8,0x7F,
  0xFF,0xFF,0xF8,0x0F,0xF8,0x7F,0xFF,0xFF,0xF8,0x0F,0xF8,0x7F,0xFF,0xFF,0xF0,0x0F,
  0xF8,0x7F,0xFF,0xFF,0xC0,0x0F,0xF8,0x7F,0xFF,0xFF,0x00,0x0F,0xF8,0x7F,0xFF,0xF8,
  0x00,0x0F,0xF8,0x7F,0x80,0x00,0x00,0x7F,0x80,0x00,0x00,0x7F,0x80,0x00,0x00,0x7F,
  0x80,0x00,0x00,0x7F,0x80,0x00,0x00,0x7F,0x80,0x00,0x00,0x7F,0x80,0x00,0x00,0x7F,
  0x80,0x00,0x00,0x7F,0x80,0x00,0x00,0x7F,0x80,0x00,0x00,0x7F,0x80,0x00,0x00,0x7F,
  0x80,0x00,0x00,0x7F,0x80,0x00,0x00,0x7F,0x80,0x00,0x00,0x7F,0x80,0x00,0x00,0x7F,
  0xFF,0xFE,0x00,0x7F,0xFF,0xFF,0x80,0x7F,0xFF,0xFF,0xE0,0x7F,0xFF,0xFF,0xF0,0x7F,
  0xFF,0xFF,0xF8,0x7F,0xFF,0xFF,0xFC,0x7F,0x80,0x1F,0xFC,0x7F,0x80,0x07,0xFE,0x7F,
  0x80,0x03,0xFE,0x7F,0x80,0x01,0xFF,0x7F,0x80,0x01,0xFF,0x7F,0x80,0x01,0xFF,0x7F,
  0x80,0x00,0xFF,0x7F,0x80,0x00,0xFF,0x7F,0x80,0x01,0xFF,0x7F,0x80,0x01,0xFF,0x7F,
  0x80,0x01,0xFE,0x7F,0x80,0x03,0xFE,0x7F,0x80,0x07,0xFE,0x7F,0x80,0x7F,0xFC,0x7F,
  0xFF,0xFF,0xF8,0x7F,0xFF,0xFF,0xF8,0x7F,0xFF,0xFF,0xF0,0x7F,0xFF,0xFF,0xC0,0x7F,
  0xFF,0xFF,0x00,0x7F,0xFF,0xF8,0x00,0x00,0x00,0x00,0x00,0x00,0x00,0x1F,0xFF,0x00,
  0x00,0x00,0x7F,0xFF,0xE0,0x00,0x01,0xFF,0xFF,0xF0,0x00,0x03,0xFF,0xFF,0xFC,0x00,
  0x07,0xFF,0xFF,0xFE,0x00,0x0F,0xFF,0xFF,0xFF,0x00,0x1F,0xFF,0xFF,0xFF,0x80,0x1F,
  0xF8,0x03,0xFF,0x80,0x3F,0xF0,0x00,0xFF,0xC0,0x3F,0xE0,0x00,0x7F,0xE0,0x7F,0xC0,
  0x00,0x3F,0xE0,0x7F,0xC0,0x00,0x3F,0xE0,0x7F,0x80,0x00,0x1F,0xF0,0x7F,0x80,0x00,
  0x1F,0xF0,0x00,0x00,0x00,0x0F,0xF0,0x00,0x00,0x00,0x0F,0xF0,0x00,0x00,0x00,0x0F,
  0xF8,0x00,0x03,0xFF,0xFF,0xF8,0x00,0x03,0xFF,0xFF,0xF8,0x00,0x03,0xFF,0xFF,0xF8,
  0x00,0x03,0xFF,0xFF,0xF8,0x00,0x03,0xFF,0xFF,0xF8,0x00,0x03,0xFF,0xFF,0xF8,0x00,
  0x00,0x00,0x0F,0xF8,0x00,0x00,0x00,0x0F,0xF8,0x00,0x00,0x00,0x0F,0xF0,0x00,0x00,
  0x00,0x0F,0xF0,0xFF,0x80,0x00,0x1F,0xF0,0x7F,0x80,0x00,0x1F,0xF0,0x7F,0xC0,0x00,
  0x3F,0xE0,0x7F,0xC0,0x00,0x3F,0xE0,0x3F,0xE0,0x00,0x7F,0xE0,0x3F,0xF0,0x00,0xFF,
  0xC0,0x1F,0xF8,0x03,0xFF,0x80,0x1F,0xFF,0xFF,0xFF,0x80,0x0F,0xFF,0xFF,0xFF,0x00,
  0x07,0xFF,0xFF,0xFE,0x00,0x03,0xFF,0xFF,0xFC,0x00,0x01,0xFF,0xFF,0xF0,0x00,0x00,
  0x7F,0xFF,0xE0,0x00,0x00,0x1F,0xFF,0x00,0x00,0x00,0x00,0x00,0x00,0x00,0x00,0x00,
  0x00,0x00,0x00,0x00,0x00,0x7F,0x80,0x00,0x1F,0xFF,0x00,0x00,0x7F,0x80,0x00,0x7F,
  0xFF,0xE0,0x00,0x7F,0x80,0x01,0xFF,0xFF,0xF0,0x00,0x7F,0x80,0x03,0xFF,0xFF,0xFC,
  0x00,0x7F,0x80,0x07,0xFF,0xFF,0xFE,0x00,0x7F,0x80,0x0F,0xFF,0xFF,0xFF,0x00,0x7F,
  0x80,0x1F,0xFF,0xFF,0xFF,0x80,0x7F,0x80,0x3F,0xF8,0x03,0xFF,0x80,0x7F,0x80,0x3F,
  0xF0,0x00,0xFF,0xC0,0x7F,0x80,0x7F,0xE0,0x00,0x7F,0xC0,0x7F,0x80,0x7F,0xC0,0x00,
  0x3F,0xE0,0x7F,0x80,0xFF,0x80,0x00,0x3F,0xE0,0x7F,0x80,0xFF,0x80,0x00,0x1F,0xF0,
  0x7F,0x80,0xFF,0x00,0x00,0x1F,0xF0,0x7F,0x81,0xFF,0x00,0x00,0x0F,0xF0,0x7F,0x81,
  0xFF,0x00,0x00,0x0F,0xF0,0x7F,0x81,0xFF,0x00,0x00,0x0F,0xF8,0x7F,0xFF,0xFE,0x00,
  0x00,0x0F,0xF8,0x7F,0xFF,0xFE,0x00,0x00,0x0F,0xF8,0x7F,0xFF,0xFE,0x00,0x00,0x0F,
  0xF8,0x7F,0xFF,0xFE,0x00,0x00,0x0F,0xF8,0x7F,0xFF,0xFE,0x00,0x00,0x0F,0xF8,0x7F,
  0xFF,0xFE,0x00,0x00,0x0F,0xF8,0x7F,0x81,0xFE,0x00,0x00,0x0F,0xF8,0x7F,0x81,0xFF,
  0x00,0x00,0x0F,0xF8,0x7F,0x81,0xFF,0x00,0x00,0x0F,0xF0,0x7F,0x81,0xFF,0x00,0x00,
  0x0F,0xF0,0x7F,0x80,0xFF,0x00,0x00,0x1F,0xF0,0x7F,0x80,0xFF,0x80,0x00,0x1F,0xF0,
  0x7F,0x80,0xFF,0x80,0x00,0x3F,0xE0,0x7F,0x80,0x7F,0xC0,0x00,0x3F,0xE0,0x7F,0x80,
  0x7F,0xE0,0x00,0x7F,0xC0,0x7F,0x80,0x3F,0xF0,0x00,0xFF,0xC0,0x7F,0x80,0x3F,0xF8,
  0x03,0xFF,0x80,0x7F,0x80,0x1F,0xFF,0xFF,0xFF,0x80,0x7F,0x80,0x0F,0xFF,0xFF,0xFF,
  0x00,0x7F,0x80,0x07,0xFF,0xFF,0xFE,0x00,0x7F,0x80,0x03,0xFF,0xFF,0xFC,0x00,0x7F,
  0x80,0x01,0xFF,0xFF,0xF0,0x00,0x7F,0x80,0x00,0x7F,0xFF,0xE0,0x00,0x7F,0x80,0x00,
  0x1F,0xFF,0x00,0x00,0x00,0x00,0x00,0x00,0x00,0x00,0x00,0x00,0x0F,0xFF,0xFF,0x00,
  0x00,0x7F,0xFF,0xFF,0x00,0x01,0xFF,0xFF,0xFF,0x00,0x03,0xFF,0xFF,0xFF,0x00,0x07,
  0xFF,0xFF,0xFF,0x00,0x0F,0xFF,0xFF,0xFF,0x00,0x1F,0xFF,0x81,0xFF,0x00,0x1F,0xF8,
  0x00,0xFF,0x00,0x3F,0xF0,0x00,0xFF,0x00,0x3F,0xE0,0x00,0xFF,0x00,0x3F,0xE0,0x00,
  0xFF,0x00,0x3F,0xC0,0x00,0xFF,0x00,0x3F,0xC0,0x00,0xFF,0x00,0x3F,0xC0,0x00,0xFF,
  0x00,0x3F,0xC0,0x00,0xFF,0x00,0x3F,0xE0,0x00,0xFF,0x00,0x3F,0xE0,0x00,0xFF,0x00,
  0x3F,0xE0,0x00,0xFF,0x00,0x3F,0xF0,0x00,0xFF,0x00,0x1F,0xFC,0x00,0xFF,0x00,0x1F,
  0xFF,0xFF,0xFF,0x00,0x0F,0xFF,0xFF,0xFF,0x00,0x07,0xFF,0xFF,0xFF,0x00,0x03,0xFF,
  0xFF,0xFF,0x00,0x00,0xFF,0xFF,0xFF,0x00,0x00,0x7F,0xFF,0xFF,0x00,0x00,0xFF,0x81,
  0xFF,0x00,0x00,0xFF,0x80,0xFF,0x00,0x01,0xFF,0x00,0xFF,0x00,0x03,0xFF,0x00,0xFF,
  0x00,0x03,0xFE,0x00,0xFF,0x00,0x07,0xFC,0x00,0xFF,0x00,0x07,0xFC,0x00,0xFF,0x00,
  0x0F,0xF8,0x00,0xFF,0x00,0x0F,0xF8,0x00,0xFF,0x00,0x1F,0xF0,0x00,0xFF,0x00,0x1F,
  0xF0,0x00,0xFF,0x00,0x3F,0xE0,0x00,0xFF,0x00,0x3F,0xE0,0x00,0xFF,0x00,0x7F,0xC0,
  0x00,0xFF,0x00,0xFF,0xC0,0x00,0xFF,0x00,0x00,0x1F,0xE0,0x00,0x00,0xFF,0xFC,0x00,
  0x03,0xFF,0xFF,0x00,0x07,0xFF,0xFF,0x80,0x0F,0xFF,0xFF,0xC0,0x1F,0xFF,0xFF,0xE0,
  0x1F,0xFC,0xFF,0xE0,0x3F,0xE0,0x1F,0xF0,0x3F,0xC0,0x1F,0xF0,0x03,0xC0,0x0F,0xF0,
  0x00,0x00,0x0F,0xF0,0x00,0x00,0x0F,0xF0,0x00,0x00,0x3F,0xF0,0x00,0x1F,0xFF,0xF0,
  0x01,0xFF,0xFF,0xF0,0x07,0xFF,0xFF,0xF0,0x1F,0xFF,0xFF,0xF0,0x3F,0xFF,0xCF,0xF0,
  0x3F,0xF0,0x0F,0xF0,0x7F,0xC0,0x0F,0xF0,0x7F,0x80,0x0F,0xF0,0x7F,0x80,0x0F,0xF0,
  0x7F,0x80,0x1F,0xF0,0x7F,0x80,0x3F,0xF0,0x7F,0xC0,0x7F,0xF0,0x7F,0xFF,0xFF,0xF0,
  0x3F,0xFF,0xFF,0xF0,0x3F,0xFF,0xEF,0xF0,0x1F,0xFF,0xEF,0xF0,0x0F,0xFF,0x8F,0xF0,
  0x03,0xFF,0x0F,0xF0,0x00,0x00,0x00,0x00,0x00,0x00,0x00,0x20,0x00,0x0F,0xFF,0xE0,
  0x00,0x7F,0xFF,0xF0,0x00,0xFF,0xFF,0xF0,0x03,0xFF,0xFF,0xF8,0x07,0xFF,0xFF,0xF8,
  0x0F,0xFF,0xFF,0xE0,0x0F,0xFF,0x80,0x00,0x1F,0xF0,0x00,0x00,0x1F,0xC0,0x00,0x00,
  0x3F,0x80,0x00,0x00,0x3F,0x80,0x00,0x00,0x7F,0x00,0x00,0x00,0x7F,0x07,0xF8,0x00,
  0x7E,0x1F,0xFE,0x00,0x7E,0x3F,0xFF,0x80,0x7E,0x7F,0xFF,0xC0,0x7E,0xFF,0xFF,0xE0,
  0xFF,0xFF,0xFF,0xF0,0xFF,0xFE,0xFF,0xF0,0xFF,0xF0,0x1F,0xF8,0xFF,0xC0,0x0F,0xF8,
  0xFF,0xC0,0x0F,0xF8,0xFF,0x80,0x07,0xFC,0xFF,0x80,0x07,0xFC,0xFF,0x80,0x07,0xFC,
  0xFF,0x80,0x03,0xFC,0xFF,0x80,0x03,0xFC,0xFF,0x80,0x03,0xFC,0x7F,0x80,0x07,0xFC,
  0x7F,0x80,0x07,0xFC,0x7F,0x80,0x07,0xFC,0x7F,0xC0,0x07,0xF8,0x3F,0xC0,0x0F,0xF8,
  0x3F,0xE0,0x1F,0xF8,0x3F,0xF8,0x3F,0xF0,0x1F,0xFF,0xFF,0xE0,0x0F,0xFF,0xFF,0xE0,
  0x07,0xFF,0xFF,0xC0,0x03,0xFF,0xFF,0x80,0x01,0xFF,0xFE,0x00,0x00,0x7F,0xF8,0x00,
  0x00,0x00,0x00,0x00,0xFF,0xFF,0xC0,0x00,0xFF,0xFF,0xF8,0x00,0xFF,0xFF,0xFE,0x00,
  0xFF,0xFF,0xFF,0x00,0xFF,0xFF,0xFF,0x00,0xFF,0xFF,0xFF,0x80,0xFF,0x83,0xFF,0x80,
  0xFF,0x00,0x7F,0x80,0xFF,0x00,0x3F,0xC0,0xFF,0x00,0x3F,0x80,0xFF,0x00,0x3F,0x80,
  0xFF,0x00,0x7F,0x80,0xFF,0x00,0xFF,0x00,0xFF,0xFF,0xFE,0x00,0xFF,0xFF,0xF8,0x00,
  0xFF,0xFF,0xF8,0x00,0xFF,0xFF,0xFF,0x00,0xFF,0xFF,0xFF,0x80,0xFF,0x00,0x3F,0xC0,
  0xFF,0x00,0x1F,0xC0,0xFF,0x00,0x1F,0xE0,0xFF,0x00,0x1F,0xE0,0xFF,0x00,0x1F,0xE0,
  0xFF,0x00,0x3F,0xE0,0xFF,0x80,0xFF,0xE0,0xFF,0xFF,0xFF,0xE0,0xFF,0xFF,0xFF,0xC0,
  0xFF,0xFF,0xFF,0xC0,0xFF,0xFF,0xFF,0x80,0xFF,0xFF,0xFE,0x00,0xFF,0xFF,0xF0,0x00,
  0xFF,0xFF,0xF8,0xFF,0xFF,0xF8,0xFF,0xFF,0xF8,0xFF,0xFF,0xF8,0xFF,0xFF,0xF8,0xFF,
  0xFF,0xF8,0xFF,0x80,0x00,0xFF,0x80,0x00,0xFF,0x80,0x00,0xFF,0x80,0x00,0xFF,0x80,
  0x00,0xFF,0x80,0x00,0xFF,0x80,0x00,0xFF,0x80,0x00,0xFF,0x80,0x00,0xFF,0x80,0x00,
  0xFF,0x80,0x00,0xFF,0x80,0x00,0xFF,0x80,0x00,0xFF,0x80,0x00,0xFF,0x80,0x00,0xFF,
  0x80,0x00,0xFF,0x80,0x00,0xFF,0x80,0x00,0xFF,0x80,0x00,0xFF,0x80,0x00,0xFF,0x80,
  0x00,0xFF,0x80,0x00,0xFF,0x80,0x00,0xFF,0x80,0x00,0xFF,0x80,0x00,0x00,0xFF,0xFF,
  0xFE,0x00,0x00,0xFF,0xFF,0xFE,0x00,0x00,0xFF,0xFF,0xFE,0x00,0x00,0xFF,0xFF,0xFE,
  0x00,0x00,0xFF,0xFF,0xFE,0x00,0x01,0xFF,0xFF,0xFE,0x00,0x01,0xFE,0x01,0xFE,0x00,
  0x01,0xFE,0x01,0xFE,0x00,0x01,0xFE,0x01,0xFE,0x00,0x01,0xFE,0x01,0xFE,0x00,0x01,
  0xFE,0x01,0xFE,0x00,0x01,0xFC,0x01,0xFE,0x00,0x01,0xFC,0x01,0xFE,0x00,0x01,0xFC,
  0x01,0xFE,0x00,0x01,0xFC,0x01,0xFE,0x00,0x01,0xFC,0x01,0xFE,0x00,0x03,0xFC,0x01,
  0xFE,0x00,0x03,0xFC,0x01,0xFE,0x00,0x03,0xFC,0x01,0xFE,0x00,0x03,0xF8,0x01,0xFE,
  0x00,0x03,0xF8,0x01,0xFE,0x00,0x07,0xF8,0x01,0xFE,0x00,0x07,0xF8,0x01,0xFE,0x00,
  0x0F,0xF0,0x01,0xFE,0x00,0x1F,0xF0,0x01,0xFF,0x00,0x7F,0xFF,0xFF,0xFF,0xF0,0x7F,
  0xFF,0xFF,0xFF,0xF0,0x7F,0xFF,0xFF,0xFF,0xF0,0x7F,0xFF,0xFF,0xFF,0xF0,0x7F,0xFF,
  0xFF,0xFF,0xF0,0x7F,0xFF,0xFF,0xFF,0xF0,0x7F,0x80,0x00,0x0F,0xF0,0x7F,0x80,0x00,
  0x0F,0xF0,0x7F,0x80,0x00,0x0F,0xF0,0x7F,0x80,0x00,0x0F,0xF0,0x7F,0x80,0x00,0x0F,
  0xF0,0x7F,0x80,0x00,0x0F,0xF0,0x7F,0x80,0x00,0x0F,0xF0,0x7F,0x80,0x00,0x0F,0xF0,
  0x7F,0x80,0x00,0x0F,0xE0,0x00,0x1F,0xE0,0x00,0x00,0xFF,0xFC,0x00,0x03,0xFF,0xFE,
  0x00,0x07,0xFF,0xFF,0x80,0x0F,0xFF,0xFF,0xC0,0x1F,0xFF,0xFF,0xC0,0x1F,0xFC,0xFF,
  0xE0,0x3F,0xE0,0x1F,0xF0,0x3F,0xC0,0x0F,0xF0,0x7F,0x80,0x0F,0xF0,0x7F,0x80,0x07,
  0xF8,0x7F,0x80,0x07,0xF8,0xFF,0x00,0x07,0xF8,0xFF,0xFF,0xFF,0xF8,0xFF,0xFF,0xFF,
  0xF8,0xFF,0xFF,0xFF,0xF8,0xFF,0xFF,0xFF,0xF8,0xFF,0xFF,0xFF,0xF8,0xFF,0x00,0x00,
  0x00,0x7F,0x80,0x00,0x00,0x7F,0x80,0x00,0x00,0x7F,0x80,0x00,0x00,0x7F,0xC0,0x07,
  0xC0,0x3F,0xE0,0x0F,0xF8,0x3F,0xF0,0x3F,0xF0,0x1F,0xFF,0xFF,0xF0,0x0F,0xFF,0xFF,
  0xE0,0x07,0xFF,0xFF,0xC0,0x03,0xFF,0xFF,0x80,0x01,0xFF,0xFF,0x00,0x00,0x7F,0xF8,
  0x00,0x00,0x00,0x00,0x00,0x7F,0xC0,0x1F,0xE0,0x0F,0xFC,0x7F,0xE0,0x1F,0xE0,0x0F,
  0xF8,0x3F,0xE0,0x1F,0xE0,0x1F,0xF0,0x1F,0xF0,0x1F,0xE0,0x1F,0xF0,0x1F,0xF8,0x1F,
  0xE0,0x3F,0xE0,0x0F,0xF8,0x1F,0xE0,0x7F,0xC0,0x07,0xFC,0x1F,0xE0,0x7F,0xC0,0x03,
  0xFC,0x1F,0xE0,0xFF,0x80,0x03,0xFE,0x1F,0xE1,0xFF,0x00,0x01,0xFF,0x1F,0xE1,0xFE,
  0x00,0x00,0xFF,0x1F,0xE3,0xFE,0x00,0x00,0xFF,0x9F,0xE7,0xFC,0x00,0x00,0x7F,0xDF,
  0xFF,0xF8,0x00,0x00,0x3F,0xFF,0xFF,0xF8,0x00,0x00,0x3F,0xFF,0xFF,0xF0,0x00,0x00,
  0x1F,0xFF,0xFF,0xF0,0x00,0x00,0x3F,0xFF,0xFF,0xF0,0x00,0x00,0x7F,0xFF,0xFF,0xF8,
  0x00,0x00,0x7F,0xFF,0xFF,0xFC,0x00,0x00,0xFF,0x9F,0xE7,0xFC,0x00,0x01,0xFF,0x9F,
  0xE3,0xFE,0x00,0x01,0xFF,0x1F,0xE3,0xFF,0x00,0x03,0xFE,0x1F,0xE1,0xFF,0x00,0x07,
  0xFE,0x1F,0xE0,0xFF,0x80,0x07,0xFC,0x1F,0xE0,0xFF,0xC0,0x0F,0xF8,0x1F,0xE0,0x7F,
  0xC0,0x1F,0xF8,0x1F,0xE0,0x3F,0xE0,0x1F,0xF0,0x1F,0xE0,0x3F,0xF0,0x3F,0xE0,0x1F,
  0xE0,0x1F,0xF8,0x7F,0xE0,0x1F,0xE0,0x0F,0xF8,0xFF,0xC0,0x1F,0xE0,0x0F,0xFC,0x00,
  0x7F,0x80,0x00,0x03,0xFF,0xE0,0x00,0x0F,0xFF,0xF8,0x00,0x1F,0xFF,0xFC,0x00,0x3F,
  0xFF,0xFE,0x00,0x3F,0xFF,0xFE,0x00,0x7F,0xF7,0xFF,0x00,0x7F,0x81,0xFF,0x00,0x7F,
  0x80,0xFF,0x00,0x00,0x00,0xFF,0x00,0x00,0x00,0xFF,0x00,0x00,0x00,0xFE,0x00,0x00,
  0x03,0xFE,0x00,0x00,0x7F,0xFC,0x00,0x00,0x7F,0xF0,0x00,0x00,0x7F,0xE0,0x00,0x00,
  0x7F,0xFC,0x00,0x00,0x7F,0xFE,0x00,0x00,0x03,0xFF,0x00,0x00,0x00,0xFF,0x80,0x00,
  0x00,0xFF,0x80,0x00,0x00,0x7F,0x80,0xFF,0x00,0x7F,0x80,0xFF,0x80,0xFF,0x80,0xFF,
  0xC1,0xFF,0x80,0x7F,0xFF,0xFF,0x00,0x7F,0xFF,0xFF,0x00,0x3F,0xFF,0xFE,0x00,0x1F,
  0xFF,0xFC,0x00,0x07,0xFF,0xF8,0x00,0x01,0xFF,0xE0,0x00,0x00,0x00,0x00,0x00,0xFF,
  0x80,0x07,0xF0,0xFF,0x80,0x0F,0xF0,0xFF,0x80,0x0F,0xF0,0xFF,0x80,0x1F,0xF0,0xFF,
  0x80,0x3F,0xF0,0xFF,0x80,0x3F,0xF0,0xFF,0x80,0x7F,0xF0,0xFF,0x80,0xFF,0xF0,0xFF,
  0x80,0xFF,0xF0,0xFF,0x81,0xFF,0xF0,0xFF,0x83,0xFF,0xF0,0xFF,0x83,0xFF,0xF0,0xFF,
  0x87,0xFF,0xF0,0xFF,0x8F,0xFF,0xF0,0xFF,0x8F,0xEF,0xF0,0xFF,0x9F,0xCF,0xF0,0xFF,
  0xBF,0x8F,0xF0,0xFF,0xFF,0x8F,0xF0,0xFF,0xFF,0x0F,0xF0,0xFF,0xFE,0x0F,0xF0,0xFF,
  0xFE,0x0F,0xF0,0xFF,0xFC,0x0F,0xF0,0xFF,0xF8,0x0F,0xF0,0xFF,0xF8,0x0F,0xF0,0xFF,
  0xF0,0x0F,0xF0,0xFF,0xE0,0x0F,0xF0,0xFF,0xE0,0x0F,0xF0,0xFF,0xC0,0x0F,0xF0,0xFF,
  0x80,0x0F,0xF0,0xFF,0x00,0x0F,0xF0,0xFF,0x00,0x0F,0xF0,0x03,0x80,0x0E,0x00,0x07,
  0xC0,0x1F,0x00,0x07,0xC0,0x1F,0x00,0x03,0xE0,0x3E,0x00,0x03,0xF0,0x7E,0x00,0x01,
  0xFF,0xFC,0x00,0x00,0xFF,0xF8,0x00,0x00,0x7F,0xF0,0x00,0x00,0x1F,0xC0,0x00,0x00,
  0x00,0x00,0x00,0x00,0x00,0x00,0x00,0x00,0x00,0x00,0x00,0xFF,0x80,0x07,0xF0,0xFF,
  0x80,0x0F,0xF0,0xFF,0x80,0x0F,0xF0,0xFF,0x80,0x1F,0xF0,0xFF,0x80,0x3F,0xF0,0xFF,
  0x80,0x3F,0xF0,0xFF,0x80,0x7F,0xF0,0xFF,0x80,0xFF,0xF0,0xFF,0x80,0xFF,0xF0,0xFF,
  0x81,0xFF,0xF0,0xFF,0x83,0xFF,0xF0,0xFF,0x83,0xFF,0xF0,0xFF,0x87,0xFF,0xF0,0xFF,
  0x8F,0xFF,0xF0,0xFF,0x8F,0xEF,0xF0,0xFF,0x9F,0xCF,0xF0,0xFF,0xBF,0x8F,0xF0,0xFF,
  0xFF,0x8F,0xF0,0xFF,0xFF,0x0F,0xF0,0xFF,0xFE,0x0F,0xF0,0xFF,0xFE,0x0F,0xF0,0xFF,
  0xFC,0x0F,0xF0,0xFF,0xF8,0x0F,0xF0,0xFF,0xF8,0x0F,0xF0,0xFF,0xF0,0x0F,0xF0,0xFF,
  0xE0,0x0F,0xF0,0xFF,0xE0,0x0F,0xF0,0xFF,0xC0,0x0F,0xF0,0xFF,0x80,0x0F,0xF0,0xFF,
  0x00,0x0F,0xF0,0xFF,0x00,0x0F,0xF0,0xFF,0x80,0x1F,0xF8,0xFF,0x80,0x1F,0xF0,0xFF,
  0x80,0x3F,0xF0,0xFF,0x80,0x7F,0xE0,0xFF,0x80,0x7F,0xC0,0xFF,0x80,0xFF,0x80,0xFF,
  0x81,0xFF,0x80,0xFF,0x81,0xFF,0x00,0xFF,0x83,0xFE,0x00,0xFF,0x87,0xFE,0x00,0xFF,
  0x87,0xFC,0x00,0xFF,0x8F,0xF8,0x00,0xFF,0x9F,0xF8,0x00,0xFF,0xFF,0xF0,0x00,0xFF,
  0xFF,0xE0,0x00,0xFF,0xFF,0xE0,0x00,0xFF,0xFF,0xE0,0x00,0xFF,0xFF,0xF0,0x00,0xFF,
  0xFF,0xF0,0x00,0xFF,0x8F,0xF8,0x00,0xFF,0x87,0xFC,0x00,0xFF,0x87,0xFE,0x00,0xFF,
  0x83,0xFE,0x00,0xFF,0x81,0xFF,0x00,0xFF,0x81,0xFF,0x80,0xFF,0x80,0xFF,0x80,0xFF,
  0x80,0x7F,0xC0,0xFF,0x80,0x7F,0xE0,0xFF,0x80,0x3F,0xF0,0xFF,0x80,0x1F,0xF0,0xFF,
  0x80,0x1F,0xF8,0x03,0xFF,0xFF,0xFC,0x03,0xFF,0xFF,0xFC,0x03,0xFF,0xFF,0xFC,0x03,
  0xFF,0xFF,0xFC,0x03,0xFF,0xFF,0xFC,0x03,0xFF,0xFF,0xFC,0x03,0xFE,0x03,0xFC,0x03,
  0xFC,0x03,0xFC,0x03,0xFC,0x03,0xFC,0x03,0xFC,0x03,0xFC,0x03,0xFC,0x03,0xFC,0x03,
  0xFC,0x03,0xFC,0x03,0xFC,0x03,0xFC,0x03,0xFC,0x03,0xFC,0x03,0xFC,0x03,0xFC,0x03,
  0xFC,0x03,0xFC,0x03,0xFC,0x03,0xFC,0x03,0xFC,0x03,0xFC,0x03,0xFC,0x03,0xFC,0x03,
  0xFC,0x03,0xFC,0x07,0xF8,0x03,0xFC,0x07,0xF8,0x03,0xFC,0x07,0xF8,0x03,0xFC,0x0F,
  0xF8,0x03,0xFC,0x3F,0xF0,0x03,0xFC,0x7F,0xF0,0x03,0xFC,0x7F,0xF0,0x03,0xFC,0x7F,
  0xE0,0x03,0xFC,0x7F,0xC0,0x03,0xFC,0x7F,0x80,0x03,0xFC,0x7C,0x00,0x03,0xFC,0xFF,
  0xF8,0x00,0x3F,0xFE,0xFF,0xFC,0x00,0x3F,0xFE,0xFF,0xFC,0x00,0x3F,0xFE,0xFF,0xFC,
  0x00,0x7F,0xFE,0xFF,0xFE,0x00,0x7F,0xFE,0xFF,0xFE,0x00,0x7F,0xFE,0xFF,0xFE,0x00,
  0xFF,0xFE,0xFF,0xFF,0x00,0xFF,0xFE,0xFF,0xFF,0x00,0xFF,0xFE,0xFF,0x7F,0x01,0xFF,
  0xFE,0xFF,0x7F,0x81,0xFD,0xFE,0xFF,0x7F,0x81,0xFD,0xFE,0xFF,0x3F,0x83,0xFD,0xFE,
  0xFF,0x3F,0xC3,0xF9,0xFE,0xFF,0x3F,0xC3,0xF9,0xFE,0xFF,0x1F,0xC7,0xF9,0xFE,0xFF,
  0x1F,0xC7,0xF1,0xFE,0xFF,0x1F,0xE7,0xF1,0xFE,0xFF,0x0F,0xE7,0xF1,0xFE,0xFF,0x0F,
  0xE7,0xE1,0xFE,0xFF,0x0F,0xEF,0xE1,0xFE,0xFF,0x07,0xEF,0xE1,0xFE,0xFF,0x07,0xEF,
  0xC1,0xFE,0xFF,0x07,0xFF,0xC1,0xFE,0xFF,0x03,0xFF,0xC1,0xFE,0xFF,0x03,0xFF,0x81,
  0xFE,0xFF,0x01,0xFF,0x81,0xFE,0xFF,0x01,0xFF,0x01,0xFE,0xFF,0x01,0xFF,0x01,0xFE,
  0xFF,0x00,0xFF,0x01,0xFE,0xFF,0x00,0xFE,0x01,0xFE,0xFF,0x80,0x0F,0xF0,0xFF,0x80,
  0x0F,0xF0,0xFF,0x80,0x0F,0xF0,0xFF,0x80,0x0F,0xF0,0xFF,0x80,0x0F,0xF0,0xFF,0x80,
  0x0F,0xF0,0xFF,0x80,0x0F,0xF0,0xFF,0x80,0x0F,0xF0,0xFF,0x80,0x0F,0xF0,0xFF,0x80,
  0x0F,0xF0,0xFF,0x80,0x0F,0xF0,0xFF,0x80,0x0F,0xF0,0xFF,0x80,0x0F,0xF0,0xFF,0xFF,
  0xFF,0xF0,0xFF,0xFF,0xFF,0xF0,0xFF,0xFF,0xFF,0xF0,0xFF,0xFF,0xFF,0xF0,0xFF,0xFF,
  0xFF,0xF0,0xFF,0xFF,0xFF,0xF0,0xFF,0x80,0x0F,0xF0,0xFF,0x80,0x0F,0xF0,0xFF,0x80,
  0x0F,0xF0,0xFF,0x80,0x0F,0xF0,0xFF,0x80,0x0F,0xF0,0xFF,0x80,0x0F,0xF0,0xFF,0x80,
  0x0F,0xF0,0xFF,0x80,0x0F,0xF0,0xFF,0x80,0x0F,0xF0,0xFF,0x80,0x0F,0xF0,0xFF,0x80,
  0x0F,0xF0,0xFF,0x80,0x0F,0xF0,0x00,0x1F,0xE0,0x00,0x00,0xFF,0xFC,0x00,0x03,0xFF,
  0xFF,0x00,0x07,0xFF,0xFF,0x80,0x0F,0xFF,0xFF,0xC0,0x1F,0xFF,0xFF,0xE0,0x1F,0xFE,
  0xFF,0xF0,0x3F,0xF0,0x1F,0xF0,0x3F,0xE0,0x0F,0xF8,0x7F,0xC0,0x0F,0xF8,0x7F,0xC0,
  0x07,0xF8,0x7F,0x80,0x07,0xFC,0xFF,0x80,0x07,0xFC,0xFF,0x80,0x03,0xFC,0xFF,0x80,
  0x03,0xFC,0xFF,0x80,0x03,0xFC,0xFF,0x80,0x03,0xFC,0xFF,0x80,0x03,0xFC,0xFF,0x80,
  0x03,0xFC,0x7F,0x80,0x07,0xFC,0x7F,0x80,0x07,0xFC,0x7F,0xC0,0x07,0xF8,0x7F,0xC0,
  0x0F,0xF8,0x3F,0xE0,0x1F,0xF8,0x3F,0xF8,0x3F,0xF0,0x1F,0xFF,0xFF,0xE0,0x0F,0xFF,
  0xFF,0xE0,0x07,0xFF,0xFF,0xC0,0x03,0xFF,0xFF,0x80,0x01,0xFF,0xFE,0x00,0x00,0x7F,
  0xF8,0x00,0x00,0x00,0x00,0x00,0xFF,0xFF,0xFF,0xF0,0xFF,0xFF,0xFF,0xF0,0xFF,0xFF,
  0xFF,0xF0,0xFF,0xFF,0xFF,0xF0,0xFF,0xFF,0xFF,0xF0,0xFF,0xFF,0xFF,0xF0,0xFF,0x80,
  0x1F,0xF0,0xFF,0x80,0x0F,0xF0,0xFF,0x80,0x0F,0xF0,0xFF,0x80,0x0F,0xF0,0xFF,0x80,
  0x0F,0xF0,0xFF,0x80,0x0F,0xF0,0xFF,0x80,0x0F,0xF0,0xFF,0x80,0x0F,0xF0,0xFF,0x80,
  0x0F,0xF0,0xFF,0x80,0x0F,0xF0,0xFF,0x80,0x0F,0xF0,0xFF,0x80,0x0F,0xF0,0xFF,0x80,
  0x0F,0xF0,0xFF,0x80,0x0F,0xF0,0xFF,0x80,0x0F,0xF0,0xFF,0x80,0x0F,0xF0,0xFF,0x80,
  0x0F,0xF0,0xFF,0x80,0x0F,0xF0,0xFF,0x80,0x0F,0xF0,0xFF,0x80,0x0F,0xF0,0xFF,0x80,
  0x0F,0xF0,0xFF,0x80,0x0F,0xF0,0xFF,0x80,0x0F,0xF0,0xFF,0x80,0x0F,0xF0,0xFF,0x80,
  0x0F,0xF0,0xFF,0x83,0xF8,0x00,0xFF,0x8F,0xFE,0x00,0xFF,0x9F,0xFF,0x80,0xFF,0xBF,
  0xFF,0xC0,0xFF,0xFF,0xFF,0xE0,0xFF,0xFF,0xFF,0xF0,0xFF,0xFE,0xFF,0xF0,0xFF,0xF0,
  0x3F,0xF8,0xFF,0xE0,0x0F,0xF8,0xFF,0xC0,0x0F,0xF8,0xFF,0x80,0x07,0xFC,0xFF,0x80,
  0x07,0xFC,0xFF,0x80,0x07,0xFC,0xFF,0x80,0x03,0xFC,0xFF,0x80,0x03,0xFC,0xFF,0x80,
  0x03,0xFC,0xFF,0x80,0x03,0xFC,0xFF,0x80,0x03,0xFC,0xFF,0x80,0x07,0xFC,0xFF,0x80,
  0x07,0xFC,0xFF,0x80,0x07,0xFC,0xFF,0xC0,0x0F,0xF8,0xFF,0xC0,0x0F,0xF8,0xFF,0xE0,
  0x1F,0xF8,0xFF,0xF8,0x3F,0xF0,0xFF,0xFF,0xFF,0xF0,0xFF,0xFF,0xFF,0xE0,0xFF,0xBF,
  0xFF,0xC0,0xFF,0xBF,0xFF,0x80,0xFF,0x8F,0xFF,0x00,0xFF,0x87,0xFC,0x00,0xFF,0x80,
  0x00,0x00,0xFF,0x80,0x00,0x00,0xFF,0x80,0x00,0x00,0xFF,0x80,0x00,0x00,0xFF,0x80,
  0x00,0x00,0xFF,0x80,0x00,0x00,0xFF,0x80,0x00,0x00,0xFF,0x80,0x00,0x00,0xFF,0x80,
  0x00,0x00,0xFF,0x80,0x00,0x00,0xFF,0x80,0x00,0x00,0x00,0x1F,0xE0,0x00,0x00,0xFF,
  0xFC,0x00,0x03,0xFF,0xFF,0x00,0x07,0xFF,0xFF,0x80,0x0F,0xFF,0xFF,0xC0,0x1F,0xFF,
  0xFF,0xE0,0x1F,0xFE,0xFF,0xE0,0x3F,0xF0,0x1F,0xF0,0x3F,0xE0,0x0F,0xF0,0x7F,0xC0,
  0x0F,0xF8,0x7F,0xC0,0x07,0xF0,0x7F,0x80,0x04,0x00,0xFF,0x80,0x00,0x00,0xFF,0x80,
  0x00,0x00,0xFF,0x80,0x00,0x00,0xFF,0x80,0x00,0x00,0xFF,0x80,0x00,0x00,0xFF,0x80,
  0x00,0x00,0xFF,0x80,0x00,0x00,0x7F,0x80,0x00,0x00,0x7F,0x80,0x07,0x80,0x7F,0xC0,
  0x07,0xF8,0x7F,0xC0,0x0F,0xF0,0x3F,0xE0,0x1F,0xF0,0x3F,0xF8,0x3F,0xF0,0x1F,0xFF,
  0xFF,0xE0,0x0F,0xFF,0xFF,0xC0,0x07,0xFF,0xFF,0xC0,0x03,0xFF,0xFF,0x80,0x01,0xFF,
  0xFE,0x00,0x00,0x7F,0xF8,0x00,0x00,0x00,0x00,0x00,0x7F,0xFF,0xFF,0xF0,0x7F,0xFF,
  0xFF,0xF0,0x7F,0xFF,0xFF,0xF0,0x7F,0xFF,0xFF,0xF0,0x7F,0xFF,0xFF,0xF0,0x7F,0xFF,
  0xFF,0xF0,0x00,0x3F,0xC0,0x00,0x00,0x3F,0xC0,0x00,0x00,0x3F,0xC0,0x00,0x00,0x3F,
  0xC0,0x00,0x00,0x3F,0xC0,0x00,0x00,0x3F,0xC0,0x00,0x00,0x3F,0xC0,0x00,0x00,0x3F,
  0xC0,0x00,0x00,0x3F,0xC0,0x00,0x00,0x3F,0xC0,0x00,0x00,0x3F,0xC0,0x00,0x00,0x3F,
  0xC0,0x00,0x00,0x3F,0xC0,0x00,0x00,0x3F,0xC0,0x00,0x00,0x3F,0xC0,0x00,0x00,0x3F,
  0xC0,0x00,0x00,0x3F,0xC0,0x00,0x00,0x3F,0xC0,0x00,0x00,0x3F,0xC0,0x00,0x00,0x3F,
  0xC0,0x00,0x00,0x3F,0xC0,0x00,0x00,0x3F,0xC0,0x00,0x00,0x3F,0xC0,0x00,0x00,0x3F,
  0xC0,0x00,0x00,0x3F,0xC0,0x00,0x7F,0xC0,0x00,0xFF,0x80,0x7F,0xC0,0x00,0xFF,0x00,
  0x3F,0xC0,0x01,0xFF,0x00,0x3F,0xE0,0x01,0xFF,0x00,0x1F,0xE0,0x01,0xFE,0x00,0x1F,
  0xE0,0x03,0xFE,0x00,0x1F,0xF0,0x03,0xFC,0x00,0x0F,0xF0,0x03,0xFC,0x00,0x0F,0xF0,
  0x07,0xFC,0x00,0x0F,0xF8,0x07,0xF8,0x00,0x07,0xF8,0x07,0xF8,0x00,0x07,0xF8,0x0F,
  0xF0,0x00,0x03,0xFC,0x0F,0xF0,0x00,0x03,0xFC,0x0F,0xF0,0x00,0x03,0xFC,0x1F,0xE0,
  0x00,0x01,0xFE,0x1F,0xE0,0x00,0x01,0xFE,0x1F,0xE0,0x00,0x01,0xFE,0x3F,0xC0,0x00,
  0x00,0xFE,0x3F,0xC0,0x00,0x00,0xFF,0x3F,0x80,0x00,0x00,0x7F,0x3F,0x80,0x00,0x00,
  0x7F,0x7F,0x80,0x00,0x00,0x7F,0x7F,0x00,0x00,0x00,0x3F,0xFF,0x00,0x00,0x00,0x3F,
  0xFE,0x00,0x00,0x00,0x3F,0xFE,0x00,0x00,0x00,0x1F,0xFE,0x00,0x00,0x00,0x1F,0xFC,
  0x00,0x00,0x00,0x0F,0xFC,0x00,0x00,0x00,0x0F,0xFC,0x00,0x00,0x00,0x0F,0xF8,0x00,
  0x00,0x00,0x0F,0xF8,0x00,0x00,0x00,0x0F,0xF0,0x00,0x00,0x00,0x0F,0xF0,0x00,0x00,
  0x00,0x1F,0xF0,0x00,0x00,0x06,0x3F,0xE0,0x00,0x00,0x07,0xFF,0xE0,0x00,0x00,0x0F,
  0xFF,0xC0,0x00,0x00,0x0F,0xFF,0x80,0x00,0x00,0x0F,0xFF,0x00,0x00,0x00,0x1F,0xFE,
  0x00,0x00,0x00,0x0F,0xF8,0x00,0x00,0x00,0x00,0x00,0xFF,0x00,0x00,0x00,0x00,0xFF,
  0x00,0x00,0x00,0x00,0xFF,0x00,0x00,0x00,0x00,0xFF,0x00,0x00,0x00,0x00,0xFF,0x00,
  0x00,0x00,0x00,0xFF,0x00,0x00,0x00,0x00,0xFF,0x00,0x00,0x00,0x00,0xFF,0x00,0x00,
  0x00,0x00,0xFF,0x00,0x00,0x00,0x00,0xFF,0x00,0x00,0x00,0x0F,0xFF,0xF0,0x00,0x00,
  0x7F,0xFF,0xFE,0x00,0x01,0xFF,0xFF,0xFF,0x80,0x03,0xFF,0xFF,0xFF,0xC0,0x0F,0xFF,
  0xFF,0xFF,0xF0,0x0F,0xFF,0xFF,0xFF,0xF0,0x1F,0xFF,0xFF,0xFF,0xF8,0x3F,0xF0,0xFF,
  0x0F,0xFC,0x3F,0xE0,0xFF,0x07,0xFC,0x7F,0xC0,0xFF,0x03,0xFE,0x7F,0xC0,0xFF,0x03,
  0xFE,0x7F,0x80,0xFF,0x01,0xFE,0x7F,0x80,0xFF,0x01,0xFF,0xFF,0x80,0xFF,0x01,0xFF,
  0xFF,0x80,0xFF,0x01,0xFF,0xFF,0x80,0xFF,0x01,0xFF,0xFF,0x80,0xFF,0x01,0xFF,0xFF,
  0x80,0xFF,0x01,0xFF,0xFF,0x80,0xFF,0x01,0xFF,0x7F,0x80,0xFF,0x01,0xFE,0x7F,0xC0,
  0xFF,0x01,0xFE,0x7F,0xC0,0xFF,0x03,0xFE,0x3F,0xE0,0xFF,0x07,0xFE,0x3F,0xF0,0xFF,
  0x0F,0xFC,0x1F,0xF8,0xFF,0x1F,0xFC,0x1F,0xFF,0xFF,0xFF,0xF8,0x0F,0xFF,0xFF,0xFF,
  0xF0,0x07,0xFF,0xFF,0xFF,0xE0,0x03,0xFF,0xFF,0xFF,0xC0,0x00,0xFF,0xFF,0xFF,0x00,
  0x00,0x3F,0xFF,0xFC,0x00,0x00,0x01,0xFF,0x80,0x00,0x00,0x00,0xFF,0x00,0x00,0x00,
  0x00,0xFF,0x00,0x00,0x00,0x00,0xFF,0x00,0x00,0x00,0x00,0xFF,0x00,0x00,0x00,0x00,
  0xFF,0x00,0x00,0x00,0x00,0xFF,0x00,0x00,0x00,0x00,0xFF,0x00,0x00,0x00,0x00,0xFF,
  0x00,0x00,0x00,0x00,0xFF,0x00,0x00,0x7F,0xC0,0x07,0xFC,0x3F,0xC0,0x0F,0xF8,0x3F,
  0xE0,0x0F,0xF0,0x1F,0xF0,0x1F,0xF0,0x1F,0xF0,0x1F,0xE0,0x0F,0xF8,0x3F,0xE0,0x07,
  0xF8,0x3F,0xC0,0x07,0xFC,0x7F,0x80,0x03,0xFC,0x7F,0x80,0x03,0xFE,0xFF,0x00,0x01,
  0xFE,0xFE,0x00,0x00,0xFF,0xFE,0x00,0x00,0xFF,0xFC,0x00,0x00,0x7F,0xFC,0x00,0x00,
  0x3F,0xF8,0x00,0x00,0x3F,0xF8,0x00,0x00,0x7F,0xF8,0x00,0x00,0x7F,0xFC,0x00,0x00,
  0xFF,0xFC,0x00,0x01,0xFF,0xFE,0x00,0x01,0xFE,0xFF,0x00,0x03,0xFC,0xFF,0x00,0x07,
  0xFC,0x7F,0x80,0x07,0xF8,0x7F,0xC0,0x0F,0xF8,0x3F,0xC0,0x0F,0xF0,0x3F,0xE0,0x1F,
  0xE0,0x1F,0xE0,0x3F,0xE0,0x1F,0xF0,0x3F,0xC0,0x0F,0xF8,0x7F,0xC0,0x07,0xF8,0xFF,
  0x80,0x07,0xFC,0xFF,0x80,0x0F,0xF0,0x00,0xFF,0x80,0x0F,0xF0,0x00,0xFF,0x80,0x0F,
  0xF0,0x00,0xFF,0x80,0x0F,0xF0,0x00,0xFF,0x80,0x0F,0xF0,0x00,0xFF,0x80,0x0F,0xF0,
  0x00,0xFF,0x80,0x0F,0xF0,0x00,0xFF,0x80,0x0F,0xF0,0x00,0xFF,0x80,0x0F,0xF0,0x00,
  0xFF,0x80,0x0F,0xF0,0x00,0xFF,0x80,0x0F,0xF0,0x00,0xFF,0x80,0x0F,0xF0,0x00,0xFF,
  0x80,0x0F,0xF0,0x00,0xFF,0x80,0x0F,0xF0,0x00,0xFF,0x80,0x0F,0xF0,0x00,0xFF,0x80,
  0x0F,0xF0,0x00,0xFF,0x80,0x0F,0xF0,0x00,0xFF,0x80,0x0F,0xF0,0x00,0xFF,0x80,0x0F,
  0xF0,0x00,0xFF,0x80,0x0F,0xF0,0x00,0xFF,0x80,0x0F,0xF0,0x00,0xFF,0x80,0x0F,0xF0,
  0x00,0xFF,0x80,0x0F,0xF0,0x00,0xFF,0x80,0x0F,0xF0,0x00,0xFF,0x80,0x1F,0xF0,0x00,
  0xFF,0xFF,0xFF,0xFF,0x00,0xFF,0xFF,0xFF,0xFF,0x00,0xFF,0xFF,0xFF,0xFF,0x00,0xFF,
  0xFF,0xFF,0xFF,0x00,0xFF,0xFF,0xFF,0xFF,0x00,0xFF,0xFF,0xFF,0xFF,0x00,0x00,0x00,
  0x00,0xFF,0x00,0x00,0x00,0x00,0xFF,0x00,0x00,0x00,0x00,0xFF,0x00,0x00,0x00,0x00,
  0xFF,0x00,0x00,0x00,0x00,0xFF,0x00,0x00,0x00,0x00,0xFF,0x00,0x00,0x00,0x00,0xFF,
  0x00,0x00,0x00,0x00,0xFF,0x00,0x00,0x00,0x00,0x00,0x00,0xFF,0x80,0x1F,0xE0,0xFF,
  0x80,0x1F,0xE0,0xFF,0x80,0x1F,0xE0,0xFF,0x80,0x1F,0xE0,0xFF,0x80,0x1F,0xE0,0xFF,
  0x80,0x1F,0xE0,0xFF,0x80,0x1F,0xE0,0xFF,0x80,0x1F,0xE0,0xFF,0x80,0x1F,0xE0,0xFF,
  0x80,0x1F,0xE0,0x7F,0x80,0x1F,0xE0,0x7F,0x80,0x1F,0xE0,0x7F,0x80,0x1F,0xE0,0x7F,
  0x80,0x1F,0xE0,0x7F,0xC0,0x1F,0xE0,0x7F,0xF9,0xFF,0xE0,0x3F,0xFF,0xFF,0xE0,0x1F,
  0xFF,0xFF,0xE0,0x1F,0xFF,0xFF,0xE0,0x07,0xFF,0xFF,0xE0,0x03,0xFF,0xFF,0xE0,0x00,
  0x3F,0xFF,0xE0,0x00,0x00,0x1F,0xE0,0x00,0x00,0x1F,0xE0,0x00,0x00,0x1F,0xE0,0x00,
  0x00,0x1F,0xE0,0x00,0x00,0x1F,0xE0,0x00,0x00,0x1F,0xE0,0x00,0x00,0x1F,0xE0,0x00,
  0x00,0x1F,0xE0,0x00,0x00,0x1F,0xE0,0xFF,0x80,0x7F,0x80,0x7F,0xC0,0xFF,0x80,0x7F,
  0x80,0x7F,0xC0,0xFF,0x80,0x7F,0x80,0x7F,0xC0,0xFF,0x80,0x7F,0x80,0x7F,0xC0,0xFF,
  0x80,0x7F,0x80,0x7F,0xC0,0xFF,0x80,0x7F,0x80,0x7F,0xC0,0xFF,0x80,0x7F,0x80,0x7F,
  0xC0,0xFF,0x80,0x7F,0x80,0x7F,0xC0,0xFF,0x80,0x7F,0x80,0x7F,0xC0,0xFF,0x80,0x7F,
  0x80,0x7F,0xC0,0xFF,0x80,0x7F,0x80,0x7F,0xC0,0xFF,0x80,0x7F,0x80,0x7F,0xC0,0xFF,
  0x80,0x7F,0x80,0x7F,0xC0,0xFF,0x80,0x7F,0x80,0x7F,0xC0,0xFF,0x80,0x7F,0x80,0x7F,
  0xC0,0xFF,0x80,0x7F,0x80,0x7F,0xC0,0xFF,0x80,0x7F,0x80,0x7F,0xC0,0xFF,0x80,0x7F,
  0x80,0x7F,0xC0,0xFF,0x80,0x7F,0x80,0x7F,0xC0,0xFF,0x80,0x7F,0x80,0x7F,0xC0,0xFF,
  0x80,0x7F,0x80,0x7F,0xC0,0xFF,0x80,0x7F,0x80,0x7F,0xC0,0xFF,0x80,0x7F,0x80,0x7F,
  0xC0,0xFF,0x80,0x7F,0x80,0x7F,0xC0,0xFF,0x80,0x7F,0x80,0x7F,0xC0,0xFF,0xFF,0xFF,
  0xFF,0xFF,0xC0,0xFF,0xFF,0xFF,0xFF,0xFF,0xC0,0xFF,0xFF,0xFF,0xFF,0xFF,0xC0,0xFF,
  0xFF,0xFF,0xFF,0xFF,0xC0,0xFF,0xFF,0xFF,0xFF,0xFF,0xC0,0xFF,0xFF,0xFF,0xFF,0xFF,
  0xC0,0xFF,0x80,0x7F,0x80,0x7F,0xC0,0xFF,0x80,0x7F,0x80,0x7F,0xC0,0xFF,0x80,0x7F,
  0x80,0x7F,0xC0,0xFF,0x80,0x7F,0x80,0x7F,0xC0,0xFF,0x80,0x7F,0x80,0x7F,0xC0,0xFF,
  0x80,0x7F,0x80,0x7F,0xC0,0xFF,0x80,0x7F,0x80,0x7F,0xC0,0xFF,0x80,0x7F,0x80,0x7F,
  0xC0,0xFF,0x80,0x7F,0x80,0x7F,0xC0,0xFF,0x80,0x7F,0x80,0x7F,0xC0,0xFF,0x80,0x7F,
  0x80,0x7F,0xC0,0xFF,0x80,0x7F,0x80,0x7F,0xC0,0xFF,0x80,0x7F,0x80,0x7F,0xC0,0xFF,
  0x80,0x7F,0x80,0x7F,0xC0,0xFF,0x80,0x7F,0x80,0x7F,0xC0,0xFF,0x80,0x7F,0x80,0x7F,
  0xC0,0xFF,0x80,0x7F,0x80,0x7F,0xC0,0xFF,0x80,0x7F,0x80,0x7F,0xC0,0xFF,0x80,0x7F,
  0x80,0x7F,0xC0,0xFF,0x80,0x7F,0x80,0x7F,0xC0,0xFF,0x80,0x7F,0x80,0x7F,0xC0,0xFF,
  0x80,0x7F,0x80,0x7F,0xC0,0xFF,0x80,0x7F,0x80,0x7F,0xC0,0xFF,0x80,0x7F,0x80,0x7F,
  0xC0,0xFF,0x80,0x7F,0x80,0x7F,0xC0,0xFF,0xFF,0xFF,0xFF,0xFF,0xFC,0xFF,0xFF,0xFF,
  0xFF,0xFF,0xFC,0xFF,0xFF,0xFF,0xFF,0xFF,0xFC,0xFF,0xFF,0xFF,0xFF,0xFF,0xFC,0xFF,
  0xFF,0xFF,0xFF,0xFF,0xFC,0xFF,0xFF,0xFF,0xFF,0xFF,0xFC,0x00,0x00,0x00,0x00,0x03,
  0xFC,0x00,0x00,0x00,0x00,0x03,0xFC,0x00,0x00,0x00,0x00,0x03,0xFC,0x00,0x00,0x00,
  0x00,0x03,0xFC,0x00,0x00,0x00,0x00,0x03,0xFC,0x00,0x00,0x00,0x00,0x03,0xFC,0x00,
  0x00,0x00,0x00,0x03,0xFC,0x00,0x00,0x00,0x00,0x03,0xFC,0x00,0x00,0x00,0x00,0x00,
  0x00,0x7F,0xFF,0x80,0x00,0x00,0x7F,0xFF,0x80,0x00,0x00,0x7F,0xFF,0x80,0x00,0x00,
  0x7F,0xFF,0x80,0x00,0x00,0x7F,0xFF,0x80,0x00,0x00,0x7F,0xFF,0x80,0x00,0x00,0x00,
  0xFF,0x80,0x00,0x00,0x00,0xFF,0x80,0x00,0x00,0x00,0xFF,0x80,0x00,0x00,0x00,0xFF,
  0x80,0x00,0x00,0x00,0xFF,0xFF,0xE0,0x00,0x00,0xFF,0xFF,0xFC,0x00,0x00,0xFF,0xFF,
  0xFF,0x00,0x00,0xFF,0xFF,0xFF,0x80,0x00,0xFF,0xFF,0xFF,0xC0,0x00,0xFF,0xFF,0xFF,
  0xC0,0x00,0xFF,0x80,0xFF,0xE0,0x00,0xFF,0x80,0x3F,0xE0,0x00,0xFF,0x80,0x1F,0xF0,
  0x00,0xFF,0x80,0x0F,0xF0,0x00,0xFF,0x80,0x0F,0xF0,0x00,0xFF,0x80,0x0F,0xF0,0x00,
  0xFF,0x80,0x1F,0xF0,0x00,0xFF,0x80,0x3F,0xE0,0x00,0xFF,0x80,0xFF,0xE0,0x00,0xFF,
  0xFF,0xFF,0xC0,0x00,0xFF,0xFF,0xFF,0xC0,0x00,0xFF,0xFF,0xFF,0x80,0x00,0xFF,0xFF,
  0xFF,0x00,0x00,0xFF,0xFF,0xFC,0x00,0x00,0xFF,0xFF,0xE0,0x00,0xFF,0x80,0x00,0x03,
  0xFE,0xFF,0x80,0x00,0x03,0xFE,0xFF,0x80,0x00,0x03,0xFE,0xFF,0x80,0x00,0x03,0xFE,
  0xFF,0x80,0x00,0x03,0xFE,0xFF,0x80,0x00,0x03,0xFE,0xFF,0x80,0x00,0x03,0xFE,0xFF,
  0x80,0x00,0x03,0xFE,0xFF,0x80,0x00,0x03,0xFE,0xFF,0x80,0x00,0x03,0xFE,0xFF,0xFF,
  0xE0,0x03,0xFE,0xFF,0xFF,0xFC,0x03,0xFE,0xFF,0xFF,0xFF,0x03,0xFE,0xFF,0xFF,0xFF,
  0x83,0xFE,0xFF,0xFF,0xFF,0xC3,0xFE,0xFF,0xFF,0xFF,0xC3,0xFE,0xFF,0x80,0xFF,0xE3,
  0xFE,0xFF,0x80,0x3F,0xE3,0xFE,0xFF,0x80,0x1F,0xF3,0xFE,0xFF,0x80,0x0F,0xF3,0xFE,
  0xFF,0x80,0x0F,0xF3,0xFE,0xFF,0x80,0x0F,0xF3,0xFE,0xFF,0x80,0x1F,0xF3,0xFE,0xFF,
  0x80,0x3F,0xE3,0xFE,0xFF,0x80,0xFF,0xE3,0xFE,0xFF,0xFF,0xFF,0xC3,0xFE,0xFF,0xFF,
  0xFF,0xC3,0xFE,0xFF,0xFF,0xFF,0x83,0xFE,0xFF,0xFF,0xFF,0x03,0xFE,0xFF,0xFF,0xFC,
  0x03,0xFE,0xFF,0xFF,0xE0,0x03,0xFE,0xFF,0x80,0x00,0x00,0xFF,0x80,0x00,0x00,0xFF,
  0x80,0x00,0x00,0xFF,0x80,0x00,0x00,0xFF,0x80,0x00,0x00,0xFF,0x80,0x00,0x00,0xFF,
  0x80,0x00,0x00,0xFF,0x80,0x00,0x00,0xFF,0x80,0x00,0x00,0xFF,0x80,0x00,0x00,0xFF,
  0xFF,0xE0,0x00,0xFF,0xFF,0xFC,0x00,0xFF,0xFF,0xFF,0x00,0xFF,0xFF,0xFF,0x80,0xFF,
  0xFF,0xFF,0xC0,0xFF,0xFF,0xFF,0xC0,0xFF,0x80,0xFF,0xE0,0xFF,0x80,0x3F,0xE0,0xFF,
  0x80,0x1F,0xF0,0xFF,0x80,0x0F,0xF0,0xFF,0x80,0x0F,0xF0,0xFF,0x80,0x0F,0xF0,0xFF,
  0x80,0x1F,0xF0,0xFF,0x80,0x3F,0xE0,0xFF,0x80,0xFF,0xE0,0xFF,0xFF,0xFF,0xC0,0xFF,
  0xFF,0xFF,0xC0,0xFF,0xFF,0xFF,0x80,0xFF,0xFF,0xFF,0x00,0xFF,0xFF,0xFC,0x00,0xFF,
  0xFF,0xE0,0x00,0x00,0x7F,0xC0,0x00,0x01,0xFF,0xF8,0x00,0x07,0xFF,0xFC,0x00,0x0F,
  0xFF,0xFF,0x00,0x1F,0xFF,0xFF,0x80,0x3F,0xFF,0xFF,0xC0,0x7F,0xFB,0xFF,0xC0,0x7F,
  0xC0,0x7F,0xE0,0x7F,0x80,0x3F,0xE0,0xFF,0x80,0x1F,0xF0,0xFF,0x00,0x1F,0xF0,0x00,
  0x00,0x0F,0xF0,0x00,0x00,0x0F,0xF0,0x00,0x3F,0xFF,0xF0,0x00,0x3F,0xFF,0xF8,0x00,
  0x3F,0xFF,0xF8,0x00,0x3F,0xFF,0xF8,0x00,0x3F,0xFF,0xF8,0x00,0x00,0x0F,0xF0,0x00,
  0x00,0x0F,0xF0,0xFF,0x00,0x1F,0xF0,0xFF,0x00,0x1F,0xF0,0x7F,0x80,0x3F,0xE0,0x7F,
  0xC0,0x3F,0xE0,0x7F,0xE0,0xFF,0xE0,0x3F,0xFF,0xFF,0xC0,0x3F,0xFF,0xFF,0x80,0x1F,
  0xFF,0xFF,0x00,0x0F,0xFF,0xFE,0x00,0x03,0xFF,0xFC,0x00,0x00,0xFF,0xF0,0x00,0x00,
  0x00,0x00,0x00,0xFF,0x80,0x00,0xFF,0x80,0x00,0xFF,0x80,0x07,0xFF,0xE0,0x00,0xFF,
  0x80,0x0F,0xFF,0xF8,0x00,0xFF,0x80,0x3F,0xFF,0xFC,0x00,0xFF,0x80,0x7F,0xFF,0xFE,
  0x00,0xFF,0x80,0x7F,0xFF,0xFF,0x00,0xFF,0x80,0xFF,0xF7,0xFF,0x80,0xFF,0x81,0xFF,
  0x80,0xFF,0x80,0xFF,0x81,0xFF,0x00,0x7F,0xC0,0xFF,0x83,0xFE,0x00,0x3F,0xC0,0xFF,
  0x83,0xFE,0x00,0x3F,0xE0,0xFF,0x83,0xFC,0x00,0x3F,0xE0,0xFF,0x87,0xFC,0x00,0x1F,
  0xE0,0xFF,0xFF,0xFC,0x00,0x1F,0xE0,0xFF,0xFF,0xFC,0x00,0x1F,0xE0,0xFF,0xFF,0xFC,
  0x00,0x1F,0xE0,0xFF,0xFF,0xFC,0x00,0x1F,0xE0,0xFF,0xFF,0xFC,0x00,0x1F,0xE0,0xFF,
  0xFF,0xFC,0x00,0x1F,0xE0,0xFF,0x83,0xFC,0x00,0x1F,0xE0,0xFF,0x83,0xFE,0x00,0x3F,
  0xE0,0xFF,0x83,0xFE,0x00,0x3F,0xC0,0xFF,0x81,0xFF,0x00,0x7F,0xC0,0xFF,0x81,0xFF,
  0x00,0xFF,0xC0,0xFF,0x80,0xFF,0xC1,0xFF,0x80,0xFF,0x80,0xFF,0xFF,0xFF,0x80,0xFF,
  0x80,0x7F,0xFF,0xFF,0x00,0xFF,0x80,0x3F,0xFF,0xFE,0x00,0xFF,0x80,0x1F,0xFF,0xFC,
  0x00,0xFF,0x80,0x0F,0xFF,0xF0,0x00,0xFF,0x80,0x03,0xFF,0xC0,0x00,0x00,0x00,0x00,
  0x00,0x00,0x00,0x00,0x3F,0xFF,0xF8,0x00,0xFF,0xFF,0xF8,0x03,0xFF,0xFF,0xF8,0x07,
  0xFF,0xFF,0xF8,0x0F,0xFF,0xFF,0xF8,0x1F,0xFF,0xFF,0xF8,0x1F,0xFE,0x07,0xF8,0x1F,
  0xF0,0x07,0xF8,0x3F,0xE0,0x07,0xF8,0x3F,0xC0,0x07,0xF8,0x3F,0xC0,0x07,0xF8,0x3F,
  0xC0,0x07,0xF8,0x3F,0xE0,0x07,0xF8,0x3F,0xE0,0x07,0xF8,0x1F,0xF8,0x07,0xF8,0x1F,
  0xFF,0xFF,0xF8,0x0F,0xFF,0xFF,0xF8,0x07,0xFF,0xFF,0xF8,0x03,0xFF,0xFF,0xF8,0x01,
  0xFF,0xFF,0xF8,0x00,0xFF,0xFF,0xF8,0x01,0xFF,0x07,0xF8,0x03,0xFE,0x07,0xF8,0x03,
  0xFC,0x07,0xF8,0x07,0xFC,0x07,0xF8,0x0F,0xF8,0x07,0xF8,0x0F,0xF8,0x07,0xF8,0x1F,
  0xF0,0x07,0xF8,0x3F,0xE0,0x07,0xF8,0x3F,0xE0,0x07,0xF8,0x7F,0xC0,0x07,0xF8,0x01,
  0xE0,0x1E,0x00,0x03,0xF0,0x3F,0x00,0x07,0xF0,0x7F,0x80,0x07,0xF8,0x7F,0x80,0x07,
  0xF8,0x7F,0x80,0x07,0xF0,0x7F,0x80,0x03,0xF0,0x3F,0x00,0x01,0xE0,0x1E,0x00,0x00,
  0x00,0x00,0x00,0x00,0x00,0x00,0x00,0x00,0x00,0x00,0x00,0x00,0x00,0x00,0x00,0x00,
  0x1F,0xE0,0x00,0x00,0xFF,0xFC,0x00,0x03,0xFF,0xFE,0x00,0x07,0xFF,0xFF,0x80,0x0F,
  0xFF,0xFF,0xC0,0x1F,0xFF,0xFF,0xC0,0x1F,0xFC,0xFF,0xE0,0x3F,0xE0,0x1F,0xF0,0x3F,
  0xC0,0x0F,0xF0,0x7F,0x80,0x0F,0xF0,0x7F,0x80,0x07,0xF8,0x7F,0x80,0x07,0xF8,0xFF,
  0x00,0x07,0xF8,0xFF,0xFF,0xFF,0xF8,0xFF,0xFF,0xFF,0xF8,0xFF,0xFF,0xFF,0xF8,0xFF,
  0xFF,0xFF,0xF8,0xFF,0xFF,0xFF,0xF8,0xFF,0x00,0x00,0x00,0x7F,0x80,0x00,0x00,0x7F,
  0x80,0x00,0x00,0x7F,0x80,0x00,0x00,0x7F,0xC0,0x07,0xC0,0x3F,0xE0,0x0F,0xF8,0x3F,
  0xF0,0x3F,0xF0,0x1F,0xFF,0xFF,0xF0,0x0F,0xFF,0xFF,0xE0,0x07,0xFF,0xFF,0xC0,0x03,
  0xFF,0xFF,0x80,0x01,0xFF,0xFF,0x00,0x00,0x7F,0xF8,0x00,0x00,0x00,0x00,0x00,0x00,
  0x00,0x00,0x00,0xFF,0xFF,0xFF,0xF0,0xFF,0xFF,0xFF,0xF0,0xFF,0xFF,0xFF,0xF0,0xFF,
  0xFF,0xFF,0xF0,0xFF,0xFF,0xFF,0xF0,0xFF,0xFF,0xFF,0xF0,0x00,0x00,0x00,0x00,0x00,
  0x00,0x00,0xFF,0xFF,0xFF,0xFF,0xFF,0xFF,0xFF,0xFF,0xFF,0xFF,0xFF,0xFF,0xFF,0xFF,
  0xFF,0xFF,0xFF,0xFF,0xFF,0xFF,0xFF,0xFF,0xFF,0xFF,0xFF,0xFF,0xFF,0xFF,0xFF,0xFF,
  0xFF,0xFF,0xFF,0xFF,0xFF,0xFF,0xFF,0xFF,0xFF,0xFF,0xFF,0xFF,0x07,0xE0,0x07,0xE0,
  0x07,0xE0,0x07,0xE0,0x0F,0xC0,0x0F,0xC0,0x0F,0xC0,0x1F,0xC0,0x1F,0xC0,0x1F,0xC0,
  0x3F,0xC0,0x3F,0x80,0x3F,0x80,0x3F,0x80,0x7F,0x80,0x7F,0x80,0x7F,0x80,0x1F,0xE0,
  0x1F,0xE0,0x1F,0xC0,0x3F,0xC0,0x3F,0xC0,0x3F,0x80,0x3F,0x80,0x3F,0x80,0x3F,0x80,
  0x3F,0x00,0x7F,0x00,0x7F,0x00,0x7E,0x00,0x7E,0x00,0x7E,0x00,0x7E,0x00,0x7C,0x00,
  0x07,0xE0,0x3F,0x07,0xE0,0x3F,0x07,0xE0,0x3F,0x07,0xE0,0x7E,0x0F,0xC0,0x7E,0x0F,
  0xC0,0x7E,0x0F,0xC0,0xFE,0x1F,0xC0,0xFE,0x1F,0xC0,0xFE,0x1F,0xC0,0xFE,0x3F,0xC1,
  0xFC,0x3F,0x81,0xFC,0x3F,0x81,0xFC,0x3F,0x83,0xFC,0x7F,0x83,0xFC,0x7F,0x83,0xFC,
  0x7F,0x83,0xFC,0x1F,0xE1,0xFE,0x1F,0xE1,0xFE,0x1F,0xC1,0xFE,0x3F,0xC1,0xFC,0x3F,
  0xC1,0xFC,0x3F,0x81,0xFC,0x3F,0x83,0xFC,0x3F,0x83,0xF8,0x3F,0x83,0xF8,0x3F,0x03,
  0xF8,0x7F,0x03,0xF0,0x7F,0x03,0xF0,0x7E,0x03,0xF0,0x7E,0x07,0xF0,0x7E,0x07,0xE0,
  0x7E,0x07,0xE0,0x7C,0x07,0xE0,0x03,0xF0,0x00,0x07,0xFC,0x00,0x1F,0xFE,0x00,0x3F,
  0xFF,0x00,0x3F,0xFF,0x80,0x7F,0xFF,0x80,0x7F,0xFF,0xC0,0x7F,0xFF,0xC0,0x7F,0xFF,
  0xC0,0x7F,0xFF,0xC0,0x7F,0xFF,0xC0,0x7F,0xFF,0xC0,0x7F,0xFF,0x80,0x3F,0xFF,0x80,
  0x3F,0xFF,0x00,0x1F,0xFE,0x00,0x07,0xFC,0x00,0x03,0xF0,0x00,0x00,0x00,0x00,0x00,
  0x00,0x00,0x3F,0x00,0x07,0xE0,0x00,0xFC,0x7F,0x80,0x0F,0xF0,0x01,0xFE,0x7F,0xC0,
  0x0F,0xF8,0x03,0xFE,0x7F,0xC0,0x1F,0xF8,0x03,0xFE,0x7F,0xC0,0x1F,0xF8,0x03,0xFE,
  0x7F,0xC0,0x0F,0xF8,0x03,0xFE,0x7F,0x80,0x0F,0xF0,0x01,0xFE,0x3F,0x00,0x07,0xE0,
  0x00,0xFC,0x00,0x00,0x00,0x00,0x00,0x00,0x00,0x00,0x00,0x00,0x00,0x00,0x00,0x00,
  0x08,0x00,0x00,0x00,0x00,0x00,0x1C,0x00,0x00,0x00,0x00,0x00,0x3E,0x00,0x00,0x00,
  0x00,0x00,0x7F,0x00,0x00,0x00,0x00,0x00,0xFF,0x80,0x00,0x00,0x00,0x01,0xFF,0x00,
  0x00,0x00,0x00,0x03,0xFE,0x00,0x00,0x00,0x00,0x07,0xFC,0x00,0x00,0x00,0x00,0x0F,
  0xF8,0x00,0x00,0x00,0x00,0x1F,0xF0,0x00,0x00,0x00,0x00,0x3F,0xE0,0x00,0x00,0x00,
  0x00,0x7F,0xC0,0x00,0x00,0x00,0x00,0xFF,0x80,0x00,0x00,0x00,0x01,0xFF,0x00,0x00,
  0x00,0x00,0x03,0xFC,0x00,0x00,0x00,0x00,0x07,0xF8,0x00,0x00,0x00,0x00,0x0F,0xF0,
  0x00,0x00,0x00,0x00,0x1F,0xFF,0xFF,0xFF,0xFF,0x80,0x3F,0xFF,0xFF,0xFF,0xFF,0x80,
  0x7F,0xFF,0xFF,0xFF,0xFF,0x80,0x7F,0xFF,0xFF,0xFF,0xFF,0x80,0x3F,0xFF,0xFF,0xFF,
  0xFF,0x80,0x1F,0xFF,0xFF,0xFF,0xFF,0x80,0x0F,0xF0,0x00,0x00,0x00,0x00,0x07,0xFC,
  0x00,0x00,0x00,0x00,0x03,0xFE,0x00,0x00,0x00,0x00,0x01,0xFF,0x00,0x00,0x00,0x00,
  0x00,0xFF,0x80,0x00,0x00,0x00,0x00,0x7F,0xC0,0x00,0x00,0x00,0x00,0x3F,0xE0,0x00,
  0x00,0x00,0x00,0x1F,0xF0,0x00,0x00,0x00,0x00,0x0F,0xF8,0x00,0x00,0x00,0x00,0x07,
  0xFC,0x00,0x00,0x00,0x00,0x03,0xFE,0x00,0x00,0x00,0x00,0x01,0xFF,0x00,0x00,0x00,
  0x00,0x00,0xFF,0x00,0x00,0x00,0x00,0x00,0x7E,0x00,0x00,0x00,0x00,0x00,0x3C,0x00,
  0x00,0x00,0x00,0x00,0x18,0x00,0x00,0x00,0x00,0x00,0x00,0x00,0x00,0x00,0x00,0x00,
  0x00,0x00,0x00,0x00,0x00,0x00,0x18,0x00,0x00,0x00,0x00,0x00,0x3C,0x00,0x00,0x00,
  0x00,0x00,0x7E,0x00,0x00,0x00,0x00,0x00,0xFF,0x00,0x00,0x00,0x00,0x01,0xFF,0x80,
  0x00,0x00,0x00,0x03,0xFF,0xC0,0x00,0x00,0x00,0x07,0xFF,0xE0,0x00,0x00,0x00,0x0F,
  0xFF,0xF0,0x00,0x00,0x00,0x1F,0xFF,0xF8,0x00,0x00,0x00,0x3F,0xFF,0xFC,0x00,0x00,
  0x00,0x7F,0xBE,0xFE,0x00,0x00,0x00,0xFF,0x3E,0xFF,0x00,0x00,0x01,0xFF,0x7E,0x7F,
  0x80,0x00,0x03,0xFE,0x7E,0x3F,0xC0,0x00,0x07,0xFC,0x7F,0x1F,0xE0,0x00,0x0F,0xF8,
  0x7F,0x0F,0xF0,0x00,0x1F,0xF0,0x7F,0x0F,0xF8,0x00,0x3F,0xE0,0x7F,0x07,0xFC,0x00,
  0x7F,0xC0,0x7F,0x03,0xFE,0x00,0x7F,0x80,0x7F,0x01,0xFF,0x00,0x3F,0x00,0x7F,0x00,
  0xFE,0x00,0x1E,0x00,0x7F,0x00,0x7C,0x00,0x0C,0x00,0x7F,0x00,0x38,0x00,0x00,0x00,
  0x7F,0x00,0x10,0x00,0x00,0x00,0x7F,0x00,0x00,0x00,0x00,0x00,0x7F,0x00,0x00,0x00,
  0x00,0x00,0x7F,0x00,0x00,0x00,0x00,0x00,0x7F,0x00,0x00,0x00,0x00,0x00,0x7F,0x00,
  0x00,0x00,0x00,0x00,0x7F,0x00,0x00,0x00,0x00,0x00,0x7F,0x00,0x00,0x00,0x00,0x00,
  0x7F,0x00,0x00,0x00,0x00,0x00,0x7F,0x00,0x00,0x00,0x00,0x00,0x7F,0x00,0x00,0x00,
  0x00,0x00,0x7F,0x00,0x00,0x00,0x00,0x00,0x7F,0x00,0x00,0x00,0x00,0x00,0x7F,0x00,
  0x00,0x00,0x00,0x00,0x7F,0x00,0x00,0x00,0x00,0x00,0x7F,0x00,0x00,0x00,0x00,0x00,
  0x7F,0x00,0x00,0x00,0x00,0x00,0x7F,0x00,0x00,0x00,0x00,0x00,0x00,0x00,0x00,0x00,
  0x00,0x00,0x04,0x00,0x00,0x00,0x00,0x00,0x0E,0x00,0x00,0x00,0x00,0x00,0x3F,0x00,
  0x00,0x00,0x00,0x00,0x7F,0x80,0x00,0x00,0x00,0x00,0x7F,0xC0,0x00,0x00,0x00,0x00,
  0x3F,0xE0,0x00,0x00,0x00,0x00,0x1F,0xF0,0x00,0x00,0x00,0x00,0x0F,0xF8,0x00,0x00,
  0x00,0x00,0x07,0xFC,0x00,0x00,0x00,0x00,0x03,0xFE,0x00,0x00,0x00,0x00,0x01,0xFF,
  0x00,0x00,0x00,0x00,0x00,0xFF,0x80,0x00,0x00,0x00,0x00,0x7F,0xC0,0x00,0x00,0x00,
  0x00,0x3F,0xE0,0x00,0x00,0x00,0x00,0x1F,0xF0,0x00,0x00,0x00,0x00,0x0F,0xF8,0x00,
  0x00,0x00,0x00,0x03,0xFC,0x00,0xFF,0xFF,0xFF,0xFF,0xFE,0x00,0xFF,0xFF,0xFF,0xFF,
  0xFF,0x00,0xFF,0xFF,0xFF,0xFF,0xFF,0x80,0xFF,0xFF,0xFF,0xFF,0xFF,0x00,0xFF,0xFF,
  0xFF,0xFF,0xFE,0x00,0xFF,0xFF,0xFF,0xFB,0xFC,0x00,0x00,0x00,0x00,0x07,0xF8,0x00,
  0x00,0x00,0x00,0x0F,0xF0,0x00,0x00,0x00,0x00,0x1F,0xE0,0x00,0x00,0x00,0x00,0x7F,
  0xC0,0x00,0x00,0x00,0x00,0xFF,0x80,0x00,0x00,0x00,0x01,0xFF,0x00,0x00,0x00,0x00,
  0x03,0xFE,0x00,0x00,0x00,0x00,0x07,0xFC,0x00,0x00,0x00,0x00,0x0F,0xF8,0x00,0x00,
  0x00,0x00,0x1F,0xF0,0x00,0x00,0x00,0x00,0x3F,0xE0,0x00,0x00,0x00,0x00,0x7F,0xC0,
  0x00,0x00,0x00,0x00,0x7F,0x80,0x00,0x00,0x00,0x00,0x3F,0x00,0x00,0x00,0x00,0x00,
  0x1E,0x00,0x00,0x00,0x00,0x00,0x0C,0x00,0x00,0x00,0x00,0x00,0x00,0x00,0x00,0x00,
  0x00,0x00,0x7F,0x00,0x00,0x00,0x00,0x00,0x7F,0x00,0x00,0x00,0x00,0x00,0x7F,0x00,
  0x00,0x00,0x00,0x00,0x7F,0x00,0x00,0x00,0x00,0x00,0x7F,0x00,0x00,0x00,0x00,0x00,
  0x7F,0x00,0x00,0x00,0x00,0x00,0x7F,0x00,0x00,0x00,0x00,0x00,0x7F,0x00,0x00,0x00,
  0x00,0x00,0x7F,0x00,0x00,0x00,0x00,0x00,0x7F,0x00,0x00,0x00,0x00,0x00,0x7F,0x00,
  0x00,0x00,0x00,0x00,0x7F,0x00,0x00,0x00,0x00,0x00,0x7F,0x00,0x00,0x00,0x00,0x00,
  0x7F,0x00,0x00,0x00,0x00,0x00,0x7F,0x00,0x00,0x00,0x00,0x00,0x7F,0x00,0x00,0x00,
  0x00,0x00,0x7F,0x00,0x00,0x00,0x00,0x00,0x7F,0x00,0x10,0x00,0x0C,0x00,0x7F,0x00,
  0x38,0x00,0x1E,0x00,0x7F,0x00,0x7C,0x00,0x3F,0x00,0x7F,0x00,0xFE,0x00,0x7F,0x80,
  0x7F,0x01,0xFF,0x00,0x7F,0xC0,0x7F,0x03,0xFE,0x00,0x3F,0xE0,0x7F,0x07,0xFC,0x00,
  0x1F,0xF0,0x7F,0x0F,0xF8,0x00,0x0F,0xF8,0x7F,0x0F,0xF0,0x00,0x07,0xFC,0x7F,0x1F,
  0xE0,0x00,0x03,0xFE,0x7E,0x3F,0xC0,0x00,0x01,0xFF,0x7E,0x7F,0x80,0x00,0x00,0xFF,
  0x3E,0xFF,0x00,0x00,0x00,0x7F,0xBE,0xFE,0x00,0x00,0x00,0x3F,0xFF,0xFC,0x00,0x00,
  0x00,0x1F,0xFF,0xF8,0x00,0x00,0x00,0x0F,0xFF,0xF0,0x00,0x00,0x00,0x07,0xFF,0xE0,
  0x00,0x00,0x00,0x03,0xFF,0xC0,0x00,0x00,0x00,0x01,0xFF,0x80,0x00,0x00,0x00,0x00,
  0xFF,0x00,0x00,0x00,0x00,0x00,0x7E,0x00,0x00,0x00,0x00,0x00,0x3C,0x00,0x00,0x00,
  0x00,0x00,0x18,0x00,0x00,0x00,0x00,0x00,0x00,0x00,0x00,0x00,0x00,0x00,0x00,0x00,
  0x10,0x00,0x00,0x00,0x00,0x00,0x38,0x00,0x00,0x00,0x00,0x00,0x7C,0x00,0x00,0x00,
  0x00,0x00,0xFE,0x00,0x00,0x00,0x00,0x01,0xFF,0x00,0x00,0x00,0x00,0x03,0xFF,0x80,
  0x00,0x00,0x00,0x07,0xFF,0x00,0x00,0x00,0x00,0x0F,0xFE,0x00,0x00,0x00,0x00,0x1F,
  0xFC,0x00,0x00,0x00,0x00,0x3F,0xF8,0x00,0x00,0x00,0x00,0x7F,0xF0,0x00,0x00,0x00,
  0x00,0xFF,0xE0,0x00,0x06,0x00,0x01,0xFF,0xC0,0x00,0x0F,0x00,0x03,0xFF,0x80,0x00,
  0x1F,0x80,0x07,0xFF,0x00,0x00,0x3F,0xC0,0x0F,0xFE,0x00,0x00,0x7F,0xE0,0x1F,0xFC,
  0x00,0x00,0x7F,0xF0,0x3F,0xF8,0x00,0x00,0x3F,0xF8,0x7F,0xF0,0x00,0x00,0x1F,0xFC,
  0xFF,0xE0,0x00,0x00,0x0F,0xFF,0xFF,0xC0,0x00,0x00,0x07,0xFF,0xFF,0x80,0x00,0x00,
  0x03,0xFF,0xFF,0x00,0x00,0x00,0x01,0xFF,0xFE,0x00,0x00,0x00,0x00,0xFF,0xFC,0x00,
  0x00,0x00,0x00,0x7F,0xF8,0x00,0x00,0x00,0x00,0x3F,0xF0,0x00,0x00,0x00,0x00,0x1F,
  0xE0,0x00,0x00,0x00,0x00,0x0F,0xC0,0x00,0x00,0x00,0x00,0x07,0x80,0x00,0x00,0x00,
  0x00,0x03,0x00,0x00,0x00,0x00,0x00,0x00,0x00,0x00,0x00,0x00,0x00,0x00,0x00,0x00,
  0x0E,0x00,0x00,0x60,0x1F,0x00,0x00,0xF0,0x3F,0x80,0x01,0xF8,0x7F,0xC0,0x03,0xFC,
  0xFF,0xE0,0x07,0xFE,0x7F,0xF0,0x0F,0xFE,0x3F,0xF8,0x1F,0xFC,0x1F,0xFC,0x3F,0xF8,
  0x0F,0xFE,0x7F,0xF0,0x07,0xFF,0xFF,0xE0,0x03,0xFF,0xFF,0xC0,0x01,0xFF,0xFF,0x80,
  0x00,0xFF,0xFF,0x00,0x00,0x7F,0xFE,0x00,0x00,0x3F,0xFC,0x00,0x00,0x3F,0xFC,0x00,
  0x00,0x7F,0xFE,0x00,0x00,0xFF,0xFF,0x00,0x01,0xFF,0xFF,0x80,0x03,0xFF,0xFF,0xC0,
  0x07,0xFF,0xFF,0xE0,0x0F,0xFE,0x7F,0xF0,0x1F,0xFC,0x3F,0xF8,0x3F,0xF8,0x1F,0xFC,
  0x7F,0xF0,0x0F,0xFE,0x7F,0xE0,0x07,0xFE,0x3F,0xC0,0x03,0xFC,0x1F,0x80,0x01,0xF8,
  0x0F,0x00,0x00,0xF0,0x06,0x00,0x00,0x60,0x00,0x00,0x00,0x00,
};

static const LgGlyph display56_glyphs[] = {
  {0,0,13,0,0,0,0x0},  // U+0020
  {11,42,19,4,41,84,0x0},  // U+0021
  {21,17,31,5,41,51,0x54},  // U+0022
  {36,41,36,0,41,205,0x87},  // U+0023
  {33,52,37,2,46,260,0x154},  // U+0024
  {47,43,57,5,42,258,0x258},  // U+0025
  {36,43,38,2,42,215,0x35A},  // U+0026
  {9,17,19,5,41,34,0x431},  // U+0027
  {16,51,21,4,43,102,0x453},  // U+0028
  {16,51,21,1,43,102,0x4B9},  // U+0029
  {23,23,31,4,41,69,0x51F},  // U+002A
  {29,28,38,5,31,112,0x564},  // U+002B
  {11,17,19,3,6,34,0x5D4},  // U+002C
  {20,7,26,3,21,21,0x5F6},  // U+002D
  {11,10,19,4,9,20,0x60B},  // U+002E
  {21,49,22,0,43,147,0x61F},  // U+002F
  {34,43,38,2,42,215,0x6B2},  // U+0030
  {19,41,24,2,41,123,0x789},  // U+0031
  {30,42,35,3,42,168,0x804},  // U+0032
  {32,43,36,2,42,172,0x8AC},  // U+0033
  {34,41,38,2,41,205,0x958},  // U+0034
  {31,42,36,3,41,168,0xA25},  // U+0035
  {32,43,36,2,42,172,0xACD},  // U+0036
  {29,41,33,2,41,164,0xB79},  // U+0037
  {32,43,36,2,42,172,0xC1D},  // U+0038
  {32,43,36,2,42,172,0xCC9},  // U+0039
  {11,30,19,4,29,60,0xD75},  // U+003A
  {12,40,19,3,29,80,0xDB1},  // U+003B
  {29,33,38,4,33,132,0xE01},  // U+003C
  {28,20,38,5,26,80,0xE85},  // U+003D
  {29,33,38,5,33,132,0xED5},  // U+003E
  {27,43,31,2,42,172,0xF59},  // U+003F
  {53,52,57,2,41,364,0x1005},  // U+0040
  {40,41,42,1,41,205,0x1171},  // U+0041
  {32,41,37,3,41,164,0x123E},  // U+0042
  {38,43,41,2,42,215,0x12E2},  // U+0043
  {35,41,40,3,41,205,0x13B9},  // U+0044
  {29,41,34,3,41,164,0x1486},  // U+0045
  {28,41,33,3,41,164,0x152A},  // U+0046
  {38,43,42,2,42,215,0x15CE},  // U+0047
  {36,41,42,3,41,205,0x16A5},  // U+0048
  {10,41,16,3,41,82,0x1772},  // U+0049
  {29,42,33,1,41,168,0x17C4},  // U+004A
  {36,41,40,3,41,205,0x186C},  // U+004B
  {27,41,32,3,41,164,0x1939},  // U+004C
  {46,41,52,3,41,246,0x19DD},  // U+004D
  {36,41,43,3,41,205,0x1AD3},  // U+004E
  {39,43,43,2,42,215,0x1BA0},  // U+004F
  {32,41,36,3,41,164,0x1C77},  // U+0050
  {39,46,44,2,42,230,0x1D1B},  // U+0051
  {33,41,37,3,41,205,0x1E01},  // U+0052
  {33,43,37,2,42,215,0x1ECE},  // U+0053
  {34,41,37,2,41,205,0x1FA5},  // U+0054
  {35,42,41,3,41,210,0x2072},  // U+0055
  {40,41,42,1,41,205,0x2144},  // U+0056
  {56,41,58,1,41,287,0x2211},  // U+0057
  {39,41,41,1,41,205,0x2330},  // U+0058
  {39,41,41,1,41,205,0x23FD},  // U+0059
  {32,41,37,3,41,164,0x24CA},  // U+005A
  {15,51,21,4,43,102,0x256E},  // U+005B
  {21,49,22,0,43,147,0x25D4},  // U+005C
  {15,51,21,2,43,102,0x2667},  // U+005D
  {25,18,27,1,40,72,0x26CD},  // U+005E
  {27,7,27,0,1,28,0x2715},  // U+005F
  {12,9,20,4,44,18,0x2731},  // U+0060
  {29,32,33,1,31,128,0x2743},  // U+0061
  {31,42,35,3,41,168,0x27C3},  // U+0062
  {29,32,33,2,31,128,0x286B},  // U+0063
  {30,42,35,2,41,168,0x28EB},  // U+0064
  {30,32,33,2,31,128,0x2993},  // U+0065
  {22,43,22,0,43,129,0x2A13},  // U+0066
  {30,42,35,2,31,168,0x2A94},  // U+0067
  {29,41,35,3,41,164,0x2B3C},  // U+0068
  {10,43,15,3,43,86,0x2BE0},  // U+0069
  {15,54,15,-2,43,108,0x2C36},  // U+006A
  {30,41,32,3,41,164,0x2CA2},  // U+006B
  {9,41,15,3,41,82,0x2D46},  // U+006C
  {45,31,51,3,31,186,0x2D98},  // U+006D
  {29,31,35,3,31,124,0x2E52},  // U+006E
  {31,32,34,2,31,128,0x2ECE},  // U+006F
  {31,42,35,3,31,168,0x2F4E},  // U+0070
  {30,42,35,2,31,168,0x2FF6},  // U+0071
  {19,31,23,3,31,93,0x309E},  // U+0072
  {28,32,31,2,31,128,0x30FB},  // U+0073
  {20,39,21,0,38,117,0x317B},  // U+0074
  {29,32,35,3,31,128,0x31F0},  // U+0075
  {33,31,34,0,31,155,0x3270},  // U+0076
  {47,31,48,0,31,186,0x330B},  // U+0077
  {31,31,32,1,31,124,0x33C5},  // U+0078
  {33,42,34,0,31,210,0x3441},  // U+0079
  {26,31,32,3,31,124,0x3513},  // U+007A
  {21,51,26,3,43,153,0x358F},  // U+007B
  {9,67,21,6,54,134,0x3628},  // U+007C
  {21,51,26,2,43,153,0x36AE},  // U+007D
  {30,13,38,4,23,52,0x3747},  // U+007E
  {33,26,37,2,30,130,0x377B},  // U+00AB
  {20,20,26,3,42,60,0x37FD},  // U+00B0
  {11,10,19,4,24,20,0x3839},  // U+00B7
  {33,26,37,2,30,130,0x384D},  // U+00BB
  {29,53,34,3,53,212,0x38CF},  // U+0401
  {40,41,42,1,41,205,0x39A3},  // U+0410
  {32,41,36,3,41,164,0x3A70},  // U+0411
  {32,41,37,3,41,164,0x3B14},  // U+0412
  {28,41,33,3,41,164,0x3BB8},  // U+0413
  {45,51,49,2,41,306,0x3C5C},  // U+0414
  {29,41,34,3,41,164,0x3D8E},  // U+0415
  {58,41,60,1,41,328,0x3E32},  // U+0416
  {32,43,36,2,42,172,0x3F7A},  // U+0417
  {36,41,43,3,41,205,0x4026},  // U+0418
  {36,53,43,3,53,265,0x40F3},  // U+0419
  {36,41,40,3,41,205,0x41FC},  // U+041A
  {37,41,42,2,41,205,0x42C9},  // U+041B
  {46,41,52,3,41,246,0x4396},  // U+041C
  {36,41,42,3,41,205,0x448C},  // U+041D
  {39,43,43,2,42,215,0x4559},  // U+041E
  {36,41,42,3,41,205,0x4630},  // U+041F
  {32,41,36,3,41,164,0x46FD},  // U+0420
  {38,43,41,2,42,215,0x47A1},  // U+0421
  {34,41,37,2,41,205,0x4878},  // U+0422
  {37,41,39,1,41,205,0x4945},  // U+0423
  {43,46,47,2,44,276,0x4A12},  // U+0424
  {39,41,41,1,41,205,0x4B26},  // U+0425
  {39,50,43,3,41,250,0x4BF3},  // U+0426
  {33,41,40,3,41,205,0x4CED},  // U+0427
  {49,41,55,3,41,287,0x4DBA},  // U+0428
  {54,50,57,3,41,350,0x4ED9},  // U+0429
  {43,41,46,2,41,246,0x5037},  // U+042A
  {45,41,51,3,41,246,0x512D},  // U+042B
  {32,41,37,3,41,164,0x5223},  // U+042C
  {37,43,41,2,42,215,0x52C7},  // U+042D
  {53,43,58,3,42,301,0x539E},  // U+042E
  {33,41,37,1,41,205,0x54CB},  // U+042F
  {29,32,33,1,31,128,0x5598},  // U+0430
  {30,43,34,2,42,172,0x5618},  // U+0431
  {28,31,32,3,31,124,0x56C4},  // U+0432
  {22,31,25,3,31,93,0x5740},  // U+0433
  {36,40,37,0,31,200,0x579D},  // U+0434
  {30,32,33,2,31,128,0x5865},  // U+0435
  {47,31,48,1,31,186,0x58E5},  // U+0436
  {26,32,29,2,31,128,0x599F},  // U+0437
  {29,31,35,3,31,124,0x5A1F},  // U+0438
  {29,43,35,3,43,172,0x5A9B},  // U+0439
  {30,31,33,3,31,124,0x5B47},  // U+043A
  {31,31,34,0,31,124,0x5BC3},  // U+043B
  {39,31,45,3,31,155,0x5C3F},  // U+043C
  {29,31,35,3,31,124,0x5CDA},  // U+043D
  {31,32,34,2,31,128,0x5D56},  // U+043E
  {28,31,34,3,31,124,0x5DD6},  // U+043F
  {31,42,35,3,31,168,0x5E52},  // U+0440
  {29,32,33,2,31,128,0x5EFA},  // U+0441
  {29,31,29,0,31,124,0x5F7A},  // U+0442
  {33,42,34,0,31,210,0x5FF6},  // U+0443
  {40,51,44,2,41,255,0x60C8},  // U+0444
  {31,31,32,1,31,124,0x61C7},  // U+0445
  {33,40,37,3,31,200,0x6243},  // U+0446
  {28,31,34,3,31,124,0x630B},  // U+0447
  {42,31,48,3,31,186,0x6387},  // U+0448
  {46,40,50,3,31,240,0x6441},  // U+0449
  {36,31,38,0,31,155,0x6531},  // U+044A
  {39,31,45,3,31,155,0x65CC},  // U+044B
  {28,31,33,3,31,124,0x6667},  // U+044C
  {29,32,33,2,31,128,0x66E3},  // U+044D
  {44,32,49,3,31,192,0x6763},  // U+044E
  {29,31,32,0,31,124,0x6823},  // U+044F
  {30,44,33,2,43,176,0x689F},  // U+0451
  {28,7,28,0,21,28,0x694F},  // U+2013
  {56,7,56,0,21,49,0x696B},  // U+2014
  {12,17,17,4,41,34,0x699C},  // U+2018
  {12,17,17,4,41,34,0x69BE},  // U+2019
  {24,17,30,4,41,51,0x69E0},  // U+201C
  {24,17,30,4,41,51,0x6A13},  // U+201D
  {19,18,27,4,26,54,0x6A46},  // U+2022
  {48,10,56,4,9,60,0x6A7C},  // U+2026
  {42,41,53,5,39,246,0x6AB8},  // U+2190
  {41,42,51,5,42,252,0x6BAE},  // U+2191
  {41,41,53,7,39,246,0x6CAA},  // U+2192
  {41,42,51,5,41,252,0x6DA0},  // U+2193
  {42,32,49,5,34,192,0x6E9C},  // U+2713
  {32,32,49,9,34,128,0x6F5C},  // U+2717
};

static const LgInterval display56_intervals[] = {
  {0x20,0x7E,0},
  {0xAB,0xAB,95},
  {0xB0,0xB0,96},
  {0xB7,0xB7,97},
  {0xBB,0xBB,98},
  {0x401,0x401,99},
  {0x410,0x44F,100},
  {0x451,0x451,164},
  {0x2013,0x2014,165},
  {0x2018,0x2019,167},
  {0x201C,0x201D,169},
  {0x2022,0x2022,171},
  {0x2026,0x2026,172},
  {0x2190,0x2193,173},
  {0x2713,0x2713,177},
  {0x2717,0x2717,178},
};

static const LgFont display56 = {
  "display56",
  display56_bitmap,
  display56_glyphs, 179,
  display56_intervals, 16,
  68, 55, -14,
};
